cfname,icu,isolbed,beds_ward,lat,lng,geometry,day_0,day_1,day_2,day_3,day_4,day_5,day_6,day_7,day_8,day_9,day_10,day_11,day_12,day_13,day_14,day_15,day_16,day_17,day_18,day_19,day_20,day_21,day_22,day_23,day_24,day_25,day_26,day_27,day_28,day_29,day_30,day_31,day_32,day_33,day_34,day_35,day_36,day_37,day_38,day_39,day_40,day_41,day_42,day_43,day_44,day_45,day_46,day_47,day_48,day_49,day_50,day_51,day_52,day_53,day_54,day_55,day_56,day_57,day_58,day_59,day_60,capacity_0,capacity_1,capacity_2,capacity_3,capacity_4,capacity_5,capacity_6,capacity_7,capacity_8,capacity_9,capacity_10,capacity_11,capacity_12,capacity_13,capacity_14,capacity_15,capacity_16,capacity_17,capacity_18,capacity_19,capacity_20,capacity_21,capacity_22,capacity_23,capacity_24,capacity_25,capacity_26,capacity_27,capacity_28,capacity_29,capacity_30,capacity_31,capacity_32,capacity_33,capacity_34,capacity_35,capacity_36,capacity_37,capacity_38,capacity_39,capacity_40,capacity_41,capacity_42,capacity_43,capacity_44,capacity_45,capacity_46,capacity_47,capacity_48,capacity_49,capacity_50,capacity_51,capacity_52,capacity_53,capacity_54,capacity_55,capacity_56,capacity_57,capacity_58,capacity_59,capacity_60
SEAMEN?S HOSPITAL,4,12,5,14.587556,120.977748,POINT (120.977748 14.587556),21,18,14,12,10,9,8,8,7,7,5,4,4,0,0,2,6,7,6,5,6,5,6,6,8,8,8,11,9,7,2,1,1,0,0,0,0,0,0,0,0,0,0,0,3,4,4,4,3,2,2,1,0,0,0,0,0,0,0,0,0,6.0,13.0,13.0,13.0,13.0,13.0,13.0,13.0,13.0,13.0,13.0,13.0,13.0,13.0,13.0,13.0,13.0,13.0,13.0,13.0,13.0,13.0,13.0,13.0,13.0,13.0,13.0,13.0,13.0,13.0,13.0,13.0,13.0,13.0,13.0,13.0,13.0,13.0,13.0,13.0,13.0,13.0,13.0,13.0,13.0,13.0,13.0,13.0,13.0,13.0,13.0,13.0,13.0,13.0,13.0,13.0,13.0,13.0,13.0,13.0,13.0
METROPOLITAN MEDICAL CENTER,13,70,11,14.6096242,120.9784419,POINT (120.9784419 14.6096242),94,93,90,89,87,87,85,84,84,82,80,78,77,76,76,77,77,75,76,74,75,76,75,76,78,78,79,80,79,77,75,76,71,73,72,70,69,67,65,64,62,59,60,62,61,59,62,59,60,61,61,62,64,63,61,62,58,56,57,57,54,6.0,6.0,6.0,6.0,6.0,6.0,6.0,6.0,6.0,6.0,6.0,6.0,6.0,6.0,6.0,6.0,6.0,6.0,6.0,6.0,6.0,6.0,6.0,6.0,6.0,6.0,6.0,6.0,6.0,6.0,6.0,6.0,6.0,6.0,6.0,6.0,6.0,6.0,6.0,6.0,6.0,6.0,6.0,6.0,6.0,6.0,6.0,6.0,6.0,6.0,6.0,6.0,6.0,6.0,6.0,6.0,6.0,6.0,13.0,13.0,13.0
GAT ANDRES BONIFACIO MEMORIAL MEDICAL CENTER,0,0,100,14.6010315,120.9647023,POINT (120.9647023 14.6010315),100,97,97,96,95,95,94,92,91,89,87,87,87,85,83,84,83,83,81,80,81,82,83,84,86,84,83,85,86,85,86,85,87,88,86,84,83,81,78,80,80,77,74,74,70,71,67,65,67,67,68,68,70,66,65,67,70,69,72,71,75,6.0,6.0,6.0,6.0,6.0,6.0,6.0,6.0,6.0,6.0,6.0,6.0,6.0,6.0,6.0,6.0,6.0,6.0,6.0,6.0,6.0,6.0,6.0,6.0,6.0,6.0,6.0,6.0,6.0,6.0,6.0,6.0,6.0,6.0,6.0,6.0,6.0,6.0,6.0,6.0,6.0,6.0,6.0,6.0,6.0,6.0,6.0,6.0,6.0,6.0,6.0,6.0,6.0,6.0,6.0,6.0,6.0,6.0,6.0,6.0,6.0
"MARY JOHNSTON HOSPITAL, INC.",0,23,13,14.6171393,120.9669828,POINT (120.9669828 14.6171393),36,35,33,31,31,30,30,30,29,28,27,26,25,23,20,19,21,20,19,18,17,16,17,18,18,18,19,21,23,23,20,19,18,17,17,18,15,14,13,12,9,6,3,2,5,5,4,4,1,0,0,0,0,1,4,5,8,8,5,3,1,6.0,6.0,6.0,6.0,6.0,6.0,6.0,6.0,6.0,6.0,6.0,6.0,6.0,6.0,6.0,6.0,6.0,6.0,6.0,6.0,6.0,6.0,6.0,6.0,6.0,6.0,6.0,6.0,6.0,6.0,6.0,6.0,6.0,6.0,6.0,6.0,6.0,6.0,6.0,6.0,6.0,6.0,6.0,6.0,6.0,6.0,6.0,6.0,6.0,6.0,6.0,6.0,6.0,6.0,6.0,6.0,6.0,6.0,6.0,6.0,6.0
JUSTICE JOSE ABAD SANTOS GENERAL HOSPITAL,0,66,2,14.597597,120.97194,POINT (120.97194 14.597597),68,65,62,61,61,59,59,58,57,55,55,52,51,47,46,49,50,48,45,44,43,44,45,47,46,48,48,52,52,47,45,45,48,48,48,47,45,42,41,39,36,32,31,35,33,32,28,27,26,25,26,29,30,32,33,35,34,29,30,31,33,6.0,6.0,6.0,6.0,6.0,6.0,6.0,6.0,6.0,6.0,6.0,6.0,6.0,6.0,6.0,6.0,6.0,6.0,6.0,6.0,6.0,6.0,6.0,6.0,6.0,6.0,6.0,6.0,6.0,6.0,6.0,6.0,6.0,6.0,6.0,6.0,6.0,6.0,6.0,6.0,6.0,6.0,6.0,6.0,6.0,6.0,6.0,6.0,6.0,6.0,6.0,6.0,6.0,6.0,6.0,6.0,6.0,6.0,6.0,6.0,6.0
DR. JOSE FABELLA MEMORIAL HOSPITAL,2,196,44,14.6062156,120.9842759,POINT (120.9842759 14.6062156),242,241,241,239,236,235,235,233,232,232,231,230,230,228,227,225,224,225,224,222,217,218,219,218,218,218,218,219,220,219,217,214,214,214,219,215,212,212,210,207,204,202,198,196,193,196,195,194,188,191,193,191,191,193,192,192,195,196,196,191,191,6.0,6.0,6.0,6.0,6.0,6.0,6.0,6.0,6.0,6.0,6.0,6.0,6.0,6.0,6.0,6.0,6.0,6.0,6.0,6.0,6.0,6.0,6.0,6.0,6.0,6.0,6.0,6.0,6.0,6.0,6.0,6.0,6.0,6.0,6.0,6.0,6.0,6.0,6.0,6.0,6.0,6.0,6.0,6.0,6.0,6.0,6.0,6.0,6.0,6.0,6.0,6.0,6.0,6.0,6.0,6.0,6.0,6.0,6.0,6.0,6.0
SAN LAZARO HOSPITAL,9,142,0,14.6137163,120.9809048,POINT (120.9809048 14.6137163),151,147,146,142,141,139,139,137,136,134,134,131,131,130,129,133,128,131,130,130,128,127,127,129,129,132,128,126,126,121,124,121,121,121,121,122,119,116,113,109,111,110,107,110,105,108,106,102,100,97,98,98,96,99,94,93,93,90,95,90,91,6.0,6.0,6.0,6.0,6.0,6.0,6.0,6.0,6.0,6.0,6.0,6.0,6.0,6.0,6.0,6.0,6.0,6.0,6.0,6.0,6.0,6.0,6.0,6.0,6.0,6.0,6.0,6.0,6.0,6.0,6.0,6.0,6.0,6.0,6.0,6.0,6.0,6.0,13.0,13.0,13.0,13.0,13.0,13.0,13.0,13.0,13.0,13.0,13.0,13.0,13.0,13.0,13.0,13.0,13.0,13.0,13.0,13.0,13.0,13.0,13.0
"MARY CHILES GENERAL HOSPITAL, INC.",0,52,3,14.603269,120.989761,POINT (120.989761 14.603269),55,54,54,52,50,49,47,47,46,46,46,45,44,44,44,45,45,47,48,49,48,48,49,47,44,42,43,41,41,36,33,29,27,26,27,26,22,23,25,27,25,26,25,29,30,31,32,32,31,30,33,29,27,24,23,21,20,16,14,9,8,6.0,6.0,6.0,6.0,13.0,13.0,13.0,13.0,13.0,13.0,13.0,13.0,13.0,13.0,13.0,13.0,13.0,13.0,13.0,13.0,13.0,13.0,13.0,13.0,13.0,13.0,13.0,13.0,13.0,13.0,13.0,13.0,13.0,13.0,13.0,13.0,13.0,13.0,13.0,13.0,13.0,13.0,13.0,13.0,13.0,13.0,13.0,13.0,13.0,13.0,13.0,13.0,13.0,13.0,13.0,13.0,13.0,13.0,13.0,13.0,13.0
JOSE R. REYES MEMORIAL MEDICAL CENTER,7,65,63,14.6143273,120.9822566,POINT (120.9822566 14.6143273),135,134,134,133,133,131,130,127,127,126,123,121,120,118,118,117,116,115,113,115,112,114,113,114,114,116,113,113,113,111,110,110,112,109,110,105,104,99,99,95,97,92,89,90,90,87,85,88,85,88,85,86,83,85,82,87,87,85,81,83,81,6.0,6.0,6.0,6.0,6.0,6.0,13.0,13.0,13.0,13.0,13.0,13.0,13.0,13.0,13.0,13.0,13.0,13.0,13.0,13.0,13.0,13.0,13.0,13.0,13.0,13.0,13.0,13.0,13.0,13.0,13.0,13.0,13.0,13.0,13.0,13.0,13.0,13.0,13.0,13.0,13.0,13.0,13.0,13.0,13.0,13.0,13.0,13.0,13.0,13.0,13.0,13.0,13.0,13.0,13.0,13.0,13.0,13.0,13.0,13.0,13.0
PERPETUAL SUCCOR HOSPITAL AND MATERNITY INC.,0,1,18,14.608163,120.99242,POINT (120.99242 14.608163),19,18,18,18,17,16,15,13,12,11,10,6,2,0,0,1,0,0,1,1,1,2,2,0,0,3,6,5,5,2,1,0,0,0,0,0,0,0,0,0,0,0,0,3,3,2,0,0,0,0,0,0,0,0,0,0,0,0,0,0,0,6.0,6.0,6.0,6.0,6.0,6.0,6.0,6.0,6.0,6.0,6.0,6.0,6.0,6.0,6.0,6.0,6.0,6.0,6.0,6.0,6.0,6.0,6.0,6.0,6.0,6.0,6.0,6.0,6.0,6.0,6.0,6.0,6.0,6.0,6.0,6.0,6.0,6.0,6.0,6.0,6.0,6.0,6.0,6.0,6.0,6.0,6.0,6.0,6.0,6.0,6.0,6.0,6.0,6.0,6.0,6.0,6.0,6.0,13.0,13.0,13.0
HOSPITAL OF THE INFANT JESUS MEDICAL CENTER (formerly: Chile,0,0,42,14.6141841,120.9891977,POINT (120.9891977 14.6141841),42,42,40,40,39,39,38,37,37,37,36,35,32,29,28,26,26,26,26,26,25,22,20,18,18,17,20,22,19,20,16,15,10,9,10,12,11,12,11,10,6,2,2,0,2,0,4,4,1,0,0,0,1,1,4,8,6,7,2,3,0,6.0,6.0,6.0,6.0,6.0,6.0,13.0,13.0,13.0,13.0,13.0,13.0,13.0,13.0,13.0,13.0,13.0,13.0,13.0,13.0,13.0,13.0,13.0,13.0,13.0,13.0,13.0,13.0,13.0,13.0,13.0,13.0,13.0,13.0,13.0,13.0,13.0,13.0,13.0,13.0,13.0,13.0,13.0,13.0,13.0,13.0,13.0,13.0,13.0,13.0,13.0,13.0,13.0,13.0,13.0,13.0,13.0,13.0,13.0,13.0,13.0
UNIVERSITY OF SANTO TOMAS HOSPITAL,2,20,37,14.6114265,120.9902019,POINT (120.9902019 14.6114265),59,59,58,58,56,54,53,50,49,46,41,40,37,36,35,33,33,29,31,32,33,35,35,36,41,38,41,41,42,43,43,45,43,38,37,35,33,32,26,26,21,20,18,15,14,11,12,16,17,18,20,21,26,25,29,28,29,30,28,29,26,6.0,6.0,6.0,6.0,6.0,6.0,6.0,6.0,6.0,6.0,6.0,6.0,6.0,6.0,6.0,6.0,6.0,6.0,6.0,6.0,6.0,6.0,6.0,6.0,6.0,6.0,6.0,6.0,6.0,6.0,6.0,6.0,6.0,6.0,6.0,6.0,6.0,6.0,6.0,6.0,6.0,6.0,6.0,6.0,6.0,6.0,6.0,6.0,6.0,6.0,6.0,6.0,6.0,6.0,6.0,6.0,6.0,6.0,6.0,6.0,6.0
"ST. JUDE GENERAL HOSPITAL & MEDICAL CENTER, INC.",2,3,13,14.615786,120.989022,POINT (120.989022 14.615786),18,18,18,16,16,14,12,8,7,5,2,0,0,0,0,0,0,2,1,0,2,4,4,5,8,7,5,0,0,0,0,0,0,1,0,0,0,0,0,0,1,3,0,0,0,0,0,0,0,0,0,0,0,0,0,0,2,2,2,1,0,6.0,13.0,13.0,13.0,13.0,13.0,13.0,13.0,13.0,13.0,13.0,13.0,13.0,13.0,13.0,13.0,13.0,13.0,13.0,13.0,13.0,13.0,13.0,13.0,13.0,13.0,13.0,13.0,13.0,13.0,13.0,13.0,13.0,13.0,13.0,13.0,13.0,13.0,13.0,13.0,13.0,13.0,13.0,13.0,13.0,13.0,13.0,13.0,13.0,13.0,13.0,13.0,13.0,13.0,13.0,13.0,13.0,13.0,13.0,13.0,13.0
DE OCAMPO MEMORIAL MEDICAL CENTER,0,6,0,14.599814,120.9997413,POINT (120.9997413 14.599814),6,6,3,2,2,2,2,1,0,0,0,0,0,0,0,0,2,1,0,0,0,0,0,0,0,0,0,0,0,0,0,0,0,0,0,0,0,0,0,0,0,0,0,0,0,0,0,0,0,0,0,0,0,0,0,0,0,0,0,0,0,6.0,13.0,13.0,13.0,13.0,13.0,13.0,13.0,13.0,13.0,13.0,13.0,13.0,13.0,13.0,13.0,13.0,13.0,13.0,13.0,13.0,13.0,13.0,13.0,13.0,13.0,13.0,13.0,13.0,13.0,13.0,13.0,13.0,13.0,13.0,13.0,13.0,13.0,13.0,13.0,13.0,13.0,13.0,13.0,13.0,13.0,13.0,13.0,13.0,13.0,13.0,13.0,13.0,13.0,13.0,13.0,13.0,13.0,13.0,13.0,13.0
OSPITAL NG SAMPALOC,0,9,31,14.607878,120.9967203,POINT (120.9967203 14.607878),40,39,38,38,38,38,36,35,35,35,34,32,32,31,31,32,32,30,30,29,29,29,29,29,29,30,27,27,25,24,23,24,23,23,23,23,22,21,20,19,20,20,20,18,18,16,16,14,11,10,8,9,7,7,5,1,1,1,1,3,1,6.0,6.0,6.0,13.0,13.0,13.0,13.0,13.0,13.0,13.0,13.0,13.0,13.0,13.0,13.0,13.0,13.0,13.0,13.0,13.0,13.0,13.0,13.0,13.0,6.0,13.0,13.0,13.0,13.0,13.0,13.0,13.0,13.0,13.0,13.0,13.0,13.0,13.0,13.0,13.0,13.0,13.0,13.0,13.0,13.0,13.0,13.0,13.0,13.0,13.0,13.0,13.0,13.0,13.0,13.0,13.0,13.0,13.0,13.0,13.0,13.0
MANILA DOCTORS HOSPITAL,15,70,0,14.5820253,120.9829349,POINT (120.9829349 14.5820253),85,83,82,81,80,80,80,78,76,74,72,72,69,69,67,67,67,68,68,66,65,66,68,68,69,67,68,65,64,63,61,59,59,60,61,57,52,51,50,50,48,50,51,49,49,48,47,46,40,43,46,45,45,45,45,40,38,38,38,39,39,6.0,13.0,13.0,13.0,13.0,13.0,13.0,13.0,13.0,13.0,13.0,13.0,13.0,13.0,13.0,13.0,13.0,13.0,13.0,13.0,13.0,13.0,13.0,13.0,13.0,13.0,13.0,13.0,13.0,13.0,13.0,13.0,13.0,13.0,13.0,13.0,13.0,13.0,13.0,13.0,13.0,13.0,13.0,13.0,13.0,13.0,13.0,13.0,13.0,13.0,13.0,13.0,13.0,13.0,13.0,13.0,13.0,13.0,13.0,13.0,13.0
"MEDICAL CENTER MANILA, INC.",5,52,0,14.5825352,120.9856015,POINT (120.9856015 14.5825352),57,56,54,53,53,52,52,51,50,48,48,46,44,43,42,42,41,41,40,40,40,40,41,40,38,39,40,39,39,37,36,36,37,36,35,35,32,31,33,29,27,27,24,25,26,24,21,21,21,20,19,19,14,15,14,13,12,11,10,12,14,6.0,6.0,6.0,6.0,6.0,13.0,13.0,13.0,13.0,13.0,13.0,13.0,13.0,13.0,13.0,13.0,13.0,13.0,13.0,13.0,13.0,13.0,13.0,13.0,13.0,13.0,13.0,13.0,13.0,13.0,13.0,13.0,13.0,13.0,13.0,13.0,13.0,13.0,13.0,13.0,13.0,13.0,13.0,13.0,13.0,13.0,13.0,13.0,13.0,13.0,13.0,13.0,13.0,13.0,13.0,13.0,13.0,13.0,13.0,13.0,13.0
UP-PHILIPPINE GENERAL HOSPITAL,26,117,135,14.5771007,120.9857861,POINT (120.9857861 14.5771007),278,277,276,276,275,275,273,272,272,268,268,267,266,265,264,265,264,260,260,259,260,259,258,262,260,258,259,258,257,255,255,258,257,257,255,253,249,244,245,246,244,245,246,248,248,245,244,241,242,243,246,250,248,246,247,245,243,241,238,237,236,6.0,6.0,6.0,6.0,6.0,6.0,6.0,6.0,13.0,13.0,13.0,13.0,13.0,13.0,13.0,13.0,13.0,13.0,13.0,13.0,13.0,13.0,13.0,13.0,13.0,13.0,13.0,13.0,13.0,13.0,13.0,13.0,13.0,13.0,13.0,13.0,13.0,13.0,13.0,13.0,13.0,13.0,13.0,13.0,13.0,13.0,13.0,13.0,13.0,13.0,13.0,13.0,13.0,13.0,13.0,13.0,13.0,13.0,13.0,13.0,13.0
OSPITAL NG MAYNILA MEDICAL CENTER,10,56,84,14.5640798,120.9863884,POINT (120.9863884 14.5640798),150,150,147,146,145,142,141,139,139,138,138,138,136,134,131,129,131,131,132,135,135,135,132,131,130,128,127,129,131,132,127,126,121,116,111,111,111,107,104,106,106,101,97,94,98,99,104,107,112,112,111,112,115,113,110,109,113,111,103,100,92,6.0,13.0,13.0,13.0,13.0,13.0,13.0,13.0,13.0,13.0,13.0,13.0,13.0,13.0,13.0,13.0,13.0,13.0,13.0,13.0,13.0,13.0,13.0,13.0,13.0,13.0,13.0,13.0,13.0,13.0,13.0,13.0,13.0,13.0,13.0,13.0,13.0,13.0,13.0,13.0,13.0,13.0,13.0,13.0,13.0,13.0,13.0,13.0,13.0,13.0,13.0,13.0,13.0,13.0,13.0,13.0,13.0,13.0,13.0,13.0,13.0
CHINESE GENERAL HOSPITAL & MEDICAL CENTER,9,92,60,14.625592,120.9886131,POINT (120.9886131 14.625592),161,159,158,158,158,158,157,154,154,154,152,151,149,147,146,147,147,146,143,141,139,138,136,135,137,137,139,140,140,138,136,137,139,140,139,138,139,139,135,134,130,127,124,123,125,123,117,115,112,109,103,100,100,96,100,102,103,98,96,95,101,6.0,6.0,13.0,13.0,13.0,13.0,13.0,13.0,13.0,13.0,13.0,13.0,13.0,13.0,13.0,13.0,13.0,13.0,13.0,13.0,13.0,13.0,13.0,13.0,13.0,13.0,13.0,13.0,13.0,13.0,13.0,13.0,13.0,13.0,13.0,13.0,13.0,13.0,13.0,13.0,13.0,13.0,13.0,13.0,13.0,13.0,13.0,13.0,13.0,13.0,13.0,13.0,13.0,13.0,13.0,13.0,13.0,13.0,13.0,13.0,13.0
AMISOLA MATERNITY AND CHILDRENS HOSPITAL,0,6,1,14.6327112,120.9784832,POINT (120.9784832 14.6327112),7,2,1,0,0,0,0,0,0,0,0,0,0,0,0,0,0,0,0,0,0,0,0,0,0,0,0,0,0,0,0,0,0,0,0,0,0,0,0,0,0,0,0,0,0,0,0,0,0,0,0,0,0,0,0,0,0,0,0,0,0,6.0,13.0,13.0,13.0,13.0,13.0,13.0,13.0,13.0,13.0,13.0,13.0,13.0,13.0,13.0,13.0,13.0,13.0,13.0,13.0,13.0,13.0,13.0,13.0,13.0,13.0,13.0,13.0,13.0,13.0,13.0,13.0,13.0,13.0,13.0,13.0,13.0,13.0,13.0,13.0,13.0,13.0,13.0,13.0,13.0,13.0,13.0,13.0,13.0,13.0,13.0,13.0,13.0,13.0,13.0,13.0,13.0,13.0,13.0,13.0,13.0
OSPITAL NG TONDO,0,8,14,14.625964,120.978381,POINT (120.978381 14.625964),22,22,22,22,21,17,15,13,11,7,5,4,3,1,1,1,0,0,0,4,6,6,7,10,11,10,9,8,7,4,4,2,2,0,0,0,0,0,0,0,0,0,0,1,0,0,0,0,0,0,0,0,0,0,0,0,0,0,0,0,0,6.0,6.0,13.0,13.0,13.0,13.0,13.0,13.0,13.0,13.0,13.0,13.0,13.0,13.0,13.0,13.0,13.0,13.0,13.0,13.0,13.0,13.0,13.0,13.0,13.0,13.0,13.0,13.0,13.0,13.0,13.0,13.0,13.0,13.0,13.0,13.0,13.0,13.0,13.0,13.0,13.0,13.0,13.0,13.0,13.0,13.0,13.0,13.0,13.0,13.0,13.0,13.0,13.0,13.0,13.0,13.0,13.0,13.0,13.0,13.0,13.0
ADVENTIST MEDICAL CENTER MANILA,4,29,0,14.5557941,120.9955069,POINT (120.9955069 14.5557941),33,32,32,28,24,21,20,18,17,14,12,10,7,5,3,2,1,4,6,7,6,6,4,3,2,2,1,2,3,2,3,0,0,0,0,0,0,0,0,0,0,0,0,0,0,2,2,0,0,0,0,0,0,0,0,0,0,0,0,0,0,6.0,13.0,13.0,13.0,13.0,13.0,13.0,13.0,13.0,13.0,13.0,13.0,13.0,13.0,13.0,13.0,13.0,13.0,13.0,13.0,13.0,13.0,13.0,13.0,13.0,13.0,13.0,13.0,13.0,13.0,13.0,13.0,13.0,13.0,13.0,13.0,13.0,13.0,13.0,13.0,13.0,13.0,13.0,13.0,13.0,13.0,13.0,13.0,13.0,13.0,13.0,13.0,13.0,13.0,13.0,13.0,13.0,13.0,13.0,13.0,13.0
"ST. CLARE?S MEDICAL CENTER, INC.",2,10,3,14.562984,121.0013004,POINT (121.0013004 14.562984),15,14,11,11,10,9,6,5,2,1,0,0,0,0,0,0,2,2,0,0,1,0,2,0,0,0,0,0,0,0,0,0,0,0,0,0,0,1,0,0,0,0,0,0,0,0,0,0,0,0,0,0,0,0,0,0,0,0,0,0,0,6.0,6.0,6.0,6.0,13.0,13.0,13.0,13.0,13.0,13.0,13.0,13.0,13.0,13.0,13.0,13.0,13.0,13.0,13.0,13.0,13.0,13.0,13.0,13.0,13.0,13.0,13.0,13.0,13.0,13.0,13.0,13.0,13.0,13.0,13.0,13.0,13.0,13.0,13.0,13.0,13.0,13.0,13.0,13.0,13.0,13.0,13.0,13.0,13.0,13.0,13.0,13.0,13.0,13.0,13.0,13.0,13.0,13.0,13.0,13.0,13.0
UNITED DOCTORS MEDICAL CENTER,0,7,2,14.6170544,121.0019352,POINT (121.0019352 14.6170544),9,8,8,8,8,7,7,6,5,4,3,2,1,0,0,1,1,0,0,1,0,1,1,1,2,2,3,3,1,0,0,0,0,0,0,0,0,0,0,0,0,0,0,0,0,0,0,0,0,0,0,0,0,0,0,0,0,0,0,0,0,6.0,13.0,13.0,13.0,13.0,13.0,13.0,13.0,13.0,13.0,13.0,13.0,13.0,13.0,13.0,13.0,13.0,13.0,13.0,13.0,13.0,13.0,13.0,13.0,13.0,13.0,13.0,13.0,13.0,13.0,13.0,13.0,13.0,13.0,13.0,13.0,13.0,13.0,13.0,13.0,13.0,13.0,13.0,13.0,13.0,13.0,13.0,13.0,13.0,13.0,13.0,13.0,13.0,13.0,13.0,13.0,13.0,13.0,13.0,13.0,13.0
"MEDICAL CENTER PARA?AQUE, INC.",0,19,0,14.4582914,121.033451,POINT (121.033451 14.4582914),19,18,18,16,14,12,12,11,9,7,6,3,1,0,0,0,0,0,1,0,0,0,0,1,0,1,2,0,0,0,0,0,0,0,0,0,0,0,0,0,0,0,0,0,0,0,0,0,0,0,0,0,0,0,0,0,0,0,0,0,0,6.0,13.0,13.0,13.0,13.0,13.0,13.0,13.0,13.0,13.0,13.0,13.0,13.0,13.0,13.0,13.0,13.0,13.0,13.0,13.0,13.0,13.0,13.0,13.0,13.0,13.0,13.0,13.0,13.0,13.0,13.0,13.0,13.0,13.0,13.0,13.0,13.0,13.0,13.0,13.0,13.0,13.0,13.0,13.0,13.0,13.0,13.0,13.0,13.0,13.0,13.0,13.0,13.0,13.0,13.0,13.0,13.0,13.0,13.0,13.0,13.0
SOUTH SUPERHIGHWAY MEDICAL CENTER,0,0,6,14.47494,121.0448768,POINT (121.0448768 14.47494),6,6,3,3,1,0,0,0,0,0,0,0,0,0,0,0,1,0,1,0,0,0,0,0,0,0,0,0,0,0,0,0,0,0,0,0,0,0,0,0,0,0,0,0,0,0,0,0,0,0,0,0,0,0,0,0,0,0,0,0,0,6.0,13.0,13.0,13.0,13.0,13.0,13.0,13.0,13.0,13.0,13.0,13.0,13.0,13.0,13.0,13.0,13.0,13.0,13.0,13.0,13.0,13.0,13.0,13.0,13.0,13.0,13.0,13.0,13.0,13.0,13.0,13.0,13.0,13.0,13.0,13.0,13.0,13.0,13.0,13.0,13.0,13.0,13.0,13.0,13.0,13.0,13.0,13.0,13.0,13.0,13.0,13.0,13.0,13.0,13.0,13.0,13.0,13.0,13.0,13.0,13.0
ALABANG MEDICAL CENTER,0,1,5,14.4275849,121.0244408,POINT (121.0244408 14.4275849),6,2,1,1,0,0,0,0,0,0,0,0,0,0,0,3,2,0,0,0,0,0,0,0,0,0,0,0,0,0,1,2,1,0,0,0,0,0,0,0,0,0,0,0,0,0,0,0,0,0,0,0,0,0,0,0,0,0,0,0,0,6.0,13.0,13.0,13.0,13.0,13.0,13.0,13.0,13.0,13.0,13.0,13.0,13.0,13.0,13.0,13.0,13.0,13.0,13.0,13.0,13.0,13.0,13.0,13.0,13.0,13.0,13.0,13.0,13.0,13.0,13.0,13.0,13.0,13.0,13.0,13.0,13.0,13.0,13.0,13.0,13.0,13.0,13.0,13.0,13.0,13.0,13.0,13.0,13.0,13.0,13.0,13.0,13.0,13.0,13.0,13.0,13.0,13.0,13.0,13.0,13.0
"UNIHEALTH PARA?AQUE HOSPITAL AND MEDICAL CENTER, INC.",1,1,30,14.464536,121.019618,POINT (121.019618 14.464536),32,32,31,30,30,29,28,27,26,25,22,19,18,16,14,13,12,13,12,12,8,7,6,5,7,9,8,6,4,0,0,0,0,0,0,0,0,0,0,0,0,0,0,0,0,0,0,0,0,0,0,0,0,0,0,0,0,0,0,0,0,6.0,13.0,13.0,13.0,13.0,13.0,13.0,13.0,13.0,13.0,13.0,13.0,13.0,13.0,13.0,13.0,13.0,13.0,13.0,13.0,13.0,13.0,13.0,13.0,13.0,13.0,13.0,13.0,13.0,13.0,13.0,13.0,13.0,13.0,13.0,13.0,13.0,13.0,13.0,13.0,13.0,13.0,13.0,13.0,13.0,13.0,13.0,13.0,13.0,13.0,13.0,13.0,13.0,13.0,13.0,13.0,13.0,13.0,13.0,13.0,13.0
E. ZARATE HOSPITAL,0,3,2,14.4553372,120.9945208,POINT (120.9945208 14.4553372),5,4,4,3,3,2,0,0,0,0,0,0,0,0,0,0,0,0,0,0,0,0,0,0,0,0,0,0,0,0,0,0,0,0,0,0,0,0,0,0,0,0,0,0,0,0,0,0,0,0,0,0,0,0,0,0,0,0,0,0,0,6.0,13.0,13.0,13.0,13.0,13.0,13.0,13.0,13.0,13.0,13.0,13.0,13.0,13.0,13.0,13.0,13.0,13.0,13.0,13.0,13.0,13.0,13.0,13.0,13.0,13.0,13.0,13.0,13.0,13.0,13.0,13.0,13.0,13.0,13.0,13.0,13.0,13.0,13.0,13.0,13.0,13.0,13.0,13.0,13.0,13.0,13.0,13.0,13.0,13.0,13.0,13.0,13.0,13.0,13.0,13.0,13.0,13.0,13.0,13.0,13.0
"LAS PI?AS DOCTORS HOSPITAL, INC.",2,22,10,14.4558998,120.9942669,POINT (120.9942669 14.4558998),34,34,33,32,31,30,28,26,23,22,17,14,14,14,14,13,13,13,13,10,10,11,12,12,16,17,15,15,14,10,8,6,4,4,2,0,0,0,0,0,0,0,0,0,0,0,1,0,1,0,0,0,0,0,0,0,0,0,0,0,0,6.0,6.0,13.0,13.0,13.0,13.0,13.0,13.0,13.0,13.0,13.0,13.0,13.0,13.0,13.0,13.0,13.0,13.0,13.0,13.0,13.0,13.0,13.0,13.0,13.0,13.0,13.0,13.0,13.0,13.0,13.0,13.0,13.0,13.0,13.0,13.0,13.0,13.0,13.0,13.0,13.0,13.0,13.0,13.0,13.0,13.0,13.0,13.0,13.0,13.0,13.0,13.0,13.0,13.0,13.0,13.0,13.0,13.0,13.0,13.0,13.0
"UHBI-PARA?AQUE DOCTORS HOSPITAL, INC.",4,17,0,14.485867,121.028415,POINT (121.028415 14.485867),21,20,16,15,13,11,8,7,5,5,1,0,0,0,0,0,1,0,0,0,0,0,0,0,2,0,0,0,0,0,0,0,0,0,0,0,0,0,0,0,0,0,0,0,0,0,0,0,0,0,0,0,0,0,0,0,0,0,0,0,0,6.0,6.0,6.0,6.0,13.0,13.0,13.0,13.0,13.0,13.0,13.0,13.0,13.0,13.0,13.0,13.0,13.0,13.0,13.0,13.0,13.0,13.0,13.0,13.0,13.0,13.0,13.0,13.0,13.0,13.0,13.0,13.0,13.0,13.0,13.0,13.0,13.0,13.0,13.0,13.0,13.0,13.0,13.0,13.0,13.0,13.0,13.0,13.0,13.0,13.0,13.0,13.0,13.0,13.0,13.0,13.0,13.0,13.0,13.0,13.0,13.0
OLIVAREZ GENERAL HOSPITAL,2,15,3,14.4792298,120.9968424,POINT (120.9968424 14.4792298),20,18,15,15,14,13,12,12,11,10,7,7,6,4,3,3,6,5,5,6,5,3,2,3,3,0,0,2,0,0,0,0,0,0,0,0,0,0,0,0,0,0,0,0,0,0,0,0,0,0,0,0,0,0,0,0,0,0,0,0,0,6.0,6.0,6.0,6.0,6.0,6.0,6.0,6.0,6.0,6.0,13.0,13.0,13.0,13.0,13.0,13.0,13.0,13.0,13.0,13.0,13.0,13.0,13.0,13.0,13.0,13.0,6.0,6.0,6.0,13.0,13.0,13.0,13.0,13.0,13.0,13.0,13.0,13.0,13.0,13.0,13.0,13.0,13.0,13.0,13.0,13.0,13.0,13.0,13.0,13.0,13.0,13.0,13.0,13.0,13.0,13.0,13.0,13.0,13.0,13.0,13.0
THE MEDICAL CITY,20,85,0,14.5895499,121.0692782,POINT (121.0692782 14.5895499),105,104,103,102,101,100,99,98,94,94,93,90,90,90,88,88,89,88,87,84,85,86,90,89,90,91,90,89,91,89,88,86,86,88,87,83,76,76,75,73,72,69,65,67,68,67,67,62,61,62,68,68,68,67,67,69,71,68,62,61,60,6.0,13.0,13.0,13.0,13.0,13.0,13.0,13.0,13.0,13.0,13.0,13.0,13.0,13.0,13.0,13.0,13.0,13.0,13.0,13.0,13.0,13.0,13.0,13.0,13.0,13.0,13.0,13.0,13.0,13.0,13.0,13.0,13.0,13.0,13.0,13.0,13.0,13.0,13.0,13.0,13.0,13.0,13.0,13.0,13.0,13.0,13.0,13.0,13.0,13.0,13.0,13.0,13.0,13.0,13.0,13.0,13.0,13.0,13.0,13.0,13.0
NATIONAL CENTER FOR MENTAL HEALTH,0,55,1205,14.5810127,121.0429164,POINT (121.0429164 14.5810127),1260,1260,1258,1255,1254,1254,1254,1253,1253,1250,1249,1248,1245,1244,1243,1241,1242,1244,1245,1242,1242,1242,1242,1245,1246,1246,1249,1249,1249,1249,1245,1243,1241,1244,1243,1240,1238,1235,1232,1230,1226,1223,1222,1221,1224,1226,1226,1222,1223,1222,1221,1223,1225,1223,1226,1228,1227,1227,1221,1218,1216,6.0,6.0,6.0,6.0,6.0,6.0,6.0,6.0,6.0,6.0,6.0,6.0,6.0,6.0,6.0,6.0,6.0,6.0,6.0,6.0,6.0,6.0,6.0,6.0,6.0,6.0,6.0,6.0,6.0,6.0,6.0,6.0,6.0,6.0,6.0,6.0,6.0,13.0,13.0,13.0,13.0,13.0,13.0,13.0,13.0,13.0,13.0,13.0,13.0,13.0,13.0,13.0,13.0,13.0,13.0,13.0,13.0,13.0,13.0,13.0,13.0
CARDINAL SANTOS MEDICAL CENTER,8,78,0,14.5977862,121.0455347,POINT (121.0455347 14.5977862),86,84,83,83,83,81,81,80,79,79,79,79,78,75,71,73,73,72,69,69,66,66,64,63,62,61,62,63,65,63,62,63,64,64,63,62,61,61,62,62,59,56,53,54,53,49,48,48,46,44,43,43,41,39,42,44,46,43,43,45,45,6.0,6.0,6.0,6.0,13.0,13.0,13.0,13.0,13.0,13.0,13.0,13.0,13.0,13.0,13.0,13.0,13.0,13.0,13.0,13.0,13.0,13.0,13.0,13.0,13.0,13.0,13.0,13.0,13.0,13.0,13.0,13.0,13.0,13.0,13.0,13.0,13.0,13.0,13.0,13.0,13.0,13.0,13.0,13.0,13.0,13.0,13.0,13.0,13.0,13.0,13.0,13.0,13.0,13.0,13.0,13.0,13.0,13.0,13.0,13.0,13.0
DR. VICTOR R. POTENCIANO MEDICAL CENTER,4,7,40,14.576938,121.04996,POINT (121.04996 14.576938),51,51,51,50,48,47,45,41,38,36,35,33,31,31,27,26,26,26,28,28,29,33,35,36,37,33,34,34,35,36,33,31,29,28,25,17,14,11,9,13,11,8,6,3,1,3,3,4,6,13,14,17,18,14,15,18,20,23,24,19,18,6.0,6.0,6.0,6.0,6.0,6.0,6.0,6.0,6.0,6.0,6.0,6.0,6.0,6.0,6.0,6.0,6.0,6.0,6.0,6.0,6.0,6.0,6.0,6.0,6.0,6.0,6.0,6.0,6.0,6.0,6.0,6.0,6.0,6.0,6.0,13.0,13.0,13.0,13.0,13.0,13.0,13.0,13.0,13.0,13.0,13.0,13.0,13.0,13.0,13.0,13.0,13.0,13.0,13.0,13.0,13.0,13.0,13.0,13.0,13.0,13.0
ST. MARTIN DE PORRES CHARITY HOSPITAL,0,1,5,14.5991149,121.0316903,POINT (121.0316903 14.5991149),6,2,2,2,1,0,0,0,0,0,0,0,0,0,0,3,1,0,0,0,0,0,0,0,0,0,0,0,0,0,0,0,0,0,0,0,0,0,0,0,0,0,0,0,0,0,0,0,0,0,0,0,0,0,0,0,0,0,0,0,0,6.0,6.0,6.0,6.0,13.0,13.0,13.0,13.0,13.0,13.0,13.0,13.0,13.0,13.0,13.0,13.0,13.0,13.0,13.0,13.0,13.0,13.0,13.0,13.0,13.0,13.0,13.0,13.0,13.0,13.0,13.0,13.0,13.0,13.0,13.0,13.0,13.0,13.0,13.0,13.0,13.0,13.0,13.0,13.0,13.0,13.0,13.0,13.0,13.0,13.0,13.0,13.0,13.0,13.0,13.0,13.0,13.0,13.0,13.0,13.0,13.0
HOLYLIFE HOSPITAL,0,2,2,14.5920681,121.095712,POINT (121.095712 14.5920681),4,4,4,1,0,0,0,0,0,0,0,0,0,0,0,0,0,3,3,2,1,1,1,0,0,0,0,0,0,0,0,0,0,1,1,1,1,2,2,2,2,1,1,1,0,0,0,0,0,0,0,0,0,0,0,1,0,0,1,1,1,6.0,6.0,6.0,6.0,6.0,6.0,6.0,6.0,6.0,6.0,6.0,6.0,6.0,6.0,6.0,6.0,6.0,6.0,6.0,6.0,6.0,6.0,6.0,6.0,6.0,6.0,6.0,6.0,6.0,6.0,6.0,6.0,6.0,6.0,13.0,13.0,13.0,13.0,13.0,13.0,13.0,13.0,13.0,13.0,13.0,13.0,13.0,13.0,13.0,13.0,13.0,13.0,13.0,13.0,13.0,13.0,13.0,13.0,13.0,13.0,13.0
ST. CAMILLUS MEDICAL CENTER,1,12,0,14.6121254,121.091848,POINT (121.091848 14.6121254),13,13,12,11,9,6,6,6,5,5,5,5,4,4,4,2,3,4,6,9,9,9,10,10,10,10,9,9,9,11,9,8,4,1,0,0,0,0,0,0,0,0,0,0,1,1,5,8,8,7,4,4,3,2,0,0,0,0,0,0,0,6.0,6.0,6.0,13.0,13.0,13.0,13.0,13.0,13.0,13.0,13.0,13.0,13.0,13.0,13.0,13.0,13.0,13.0,13.0,13.0,13.0,13.0,13.0,13.0,13.0,13.0,13.0,13.0,13.0,13.0,13.0,13.0,13.0,13.0,13.0,13.0,13.0,13.0,13.0,13.0,13.0,13.0,13.0,13.0,13.0,13.0,13.0,13.0,13.0,13.0,13.0,13.0,13.0,13.0,13.0,13.0,13.0,13.0,13.0,13.0,13.0
FAMILY HEALTHCARE HOSPITAL-THE REINE-MERE MEDICAL FACILITIES,0,0,0,14.5764261,121.0851562,POINT (121.0851562 14.5764261),0,0,0,0,0,0,0,0,0,0,0,0,0,0,0,0,0,0,0,0,0,0,0,0,0,0,0,0,0,0,0,0,0,0,0,0,0,0,0,0,0,0,0,0,0,0,0,0,0,0,0,0,0,0,0,0,0,0,0,0,0,13.0,13.0,13.0,13.0,13.0,13.0,13.0,13.0,13.0,13.0,13.0,13.0,13.0,13.0,13.0,13.0,13.0,13.0,13.0,13.0,13.0,13.0,13.0,13.0,13.0,13.0,13.0,13.0,13.0,13.0,13.0,13.0,13.0,13.0,13.0,13.0,13.0,13.0,13.0,13.0,13.0,13.0,13.0,13.0,13.0,13.0,13.0,13.0,13.0,13.0,13.0,13.0,13.0,13.0,13.0,13.0,13.0,13.0,13.0,13.0,13.0
ALFONSO SPECIALIST HOSPITAL,0,0,7,14.590103,121.08476,POINT (121.08476 14.590103),7,5,4,2,2,0,0,0,0,0,0,0,0,0,0,1,0,1,0,0,0,0,0,0,0,0,0,0,0,0,1,0,0,0,0,0,0,0,0,0,0,0,0,0,0,0,0,0,0,0,0,0,0,0,0,0,0,0,0,0,0,6.0,6.0,6.0,6.0,6.0,6.0,13.0,13.0,13.0,13.0,13.0,13.0,13.0,13.0,13.0,13.0,13.0,13.0,13.0,13.0,13.0,13.0,13.0,13.0,13.0,13.0,13.0,13.0,13.0,13.0,13.0,13.0,13.0,13.0,13.0,13.0,13.0,13.0,13.0,13.0,13.0,13.0,13.0,13.0,13.0,13.0,13.0,13.0,13.0,13.0,13.0,13.0,13.0,13.0,13.0,13.0,13.0,13.0,13.0,13.0,13.0
MCPC ST THERESE OF LISIEUX DOCTORS HOSPITAL,0,1,4,14.5766205,121.0854841,POINT (121.0854841 14.5766205),5,2,1,0,0,0,0,0,0,0,0,0,0,0,0,3,3,4,2,0,0,0,0,0,0,0,0,0,0,0,0,0,2,2,2,0,0,0,0,0,0,0,0,0,0,0,0,0,0,0,0,0,0,0,0,0,0,0,0,0,0,6.0,6.0,6.0,6.0,13.0,13.0,13.0,13.0,13.0,13.0,13.0,13.0,13.0,13.0,13.0,13.0,13.0,13.0,13.0,13.0,13.0,13.0,13.0,13.0,13.0,13.0,13.0,13.0,13.0,13.0,13.0,13.0,13.0,13.0,13.0,13.0,13.0,13.0,13.0,13.0,13.0,13.0,13.0,13.0,13.0,13.0,13.0,13.0,13.0,13.0,13.0,13.0,13.0,13.0,13.0,13.0,13.0,13.0,13.0,13.0,13.0
ST. CHRISTIANA MATERNITY HOSPITAL,0,3,0,14.6039035,121.102859,POINT (121.102859 14.6039035),3,2,0,0,0,0,0,0,0,0,0,0,0,0,0,1,2,2,2,2,2,0,0,0,0,0,0,0,0,0,0,0,0,0,0,2,2,2,2,2,2,2,2,1,1,0,0,0,0,0,0,0,0,0,0,0,0,0,0,1,0,6.0,6.0,6.0,6.0,6.0,6.0,6.0,6.0,6.0,6.0,6.0,6.0,6.0,6.0,6.0,6.0,6.0,6.0,6.0,6.0,6.0,6.0,6.0,6.0,6.0,6.0,6.0,6.0,6.0,6.0,6.0,6.0,6.0,6.0,6.0,6.0,6.0,6.0,6.0,13.0,13.0,13.0,13.0,13.0,13.0,13.0,13.0,13.0,13.0,13.0,13.0,13.0,13.0,13.0,13.0,13.0,13.0,13.0,13.0,13.0,13.0
SALVE REGINA GENERAL HOSPITAL INC.,0,6,9,14.6199475,121.0963324,POINT (121.0963324 14.6199475),15,15,15,15,13,13,11,8,7,7,5,3,1,0,0,0,0,0,2,2,1,4,3,2,4,6,8,8,8,6,6,4,2,1,1,0,0,0,0,0,0,0,0,2,1,2,2,2,0,0,0,0,0,0,0,0,0,0,0,0,0,6.0,6.0,13.0,13.0,13.0,13.0,13.0,13.0,13.0,13.0,13.0,13.0,13.0,13.0,13.0,13.0,13.0,13.0,13.0,13.0,13.0,13.0,13.0,13.0,13.0,13.0,13.0,13.0,13.0,13.0,13.0,13.0,13.0,13.0,13.0,13.0,13.0,13.0,13.0,13.0,13.0,13.0,13.0,13.0,13.0,13.0,13.0,13.0,13.0,13.0,13.0,13.0,13.0,13.0,13.0,13.0,13.0,13.0,13.0,13.0,13.0
MISSION HOSPITAL,0,3,10,14.5898229,121.0975159,POINT (121.0975159 14.5898229),13,13,11,10,9,9,9,8,8,8,8,8,7,7,7,7,8,9,10,9,6,7,5,4,3,3,4,4,4,4,3,2,1,1,1,0,1,2,3,3,2,2,1,0,0,1,1,0,0,0,0,0,0,0,0,0,1,2,0,0,0,6.0,6.0,6.0,6.0,6.0,6.0,6.0,6.0,6.0,6.0,6.0,6.0,6.0,6.0,6.0,6.0,6.0,6.0,6.0,6.0,6.0,6.0,6.0,6.0,6.0,6.0,6.0,6.0,6.0,6.0,6.0,6.0,6.0,6.0,6.0,6.0,6.0,6.0,6.0,6.0,6.0,13.0,13.0,13.0,13.0,13.0,13.0,13.0,13.0,13.0,13.0,13.0,13.0,13.0,13.0,13.0,13.0,13.0,13.0,13.0,13.0
"ST. ANTHONY MEDICAL CENTER OF MARIKINA, INC.",0,8,0,14.6244715,121.1028413,POINT (121.1028413 14.6244715),8,6,6,5,5,4,4,4,1,0,0,0,0,0,0,0,0,0,0,0,0,0,3,3,3,3,1,1,0,0,0,0,0,0,0,0,0,0,0,0,2,0,0,0,0,0,0,0,0,0,0,0,0,0,0,2,0,0,0,0,0,6.0,6.0,6.0,6.0,6.0,6.0,6.0,6.0,6.0,6.0,6.0,6.0,13.0,13.0,13.0,13.0,13.0,13.0,13.0,13.0,13.0,13.0,13.0,13.0,13.0,13.0,13.0,13.0,13.0,13.0,13.0,13.0,13.0,13.0,13.0,13.0,13.0,13.0,13.0,13.0,13.0,13.0,13.0,13.0,13.0,13.0,13.0,13.0,13.0,13.0,13.0,13.0,13.0,13.0,13.0,13.0,13.0,13.0,13.0,13.0,13.0
PASIG DOCTORS MEDICAL CENTER INC.,3,13,0,14.6006858,121.0920941,POINT (121.0920941 14.6006858),16,16,16,15,14,14,12,12,11,11,10,8,6,4,3,2,1,2,1,1,3,3,3,3,4,5,7,9,10,11,11,10,10,10,7,7,6,3,1,0,0,0,0,0,0,1,0,0,3,1,1,3,5,6,4,3,2,2,1,0,1,6.0,6.0,6.0,13.0,13.0,13.0,13.0,13.0,13.0,13.0,13.0,13.0,13.0,13.0,13.0,13.0,13.0,13.0,13.0,13.0,13.0,13.0,13.0,13.0,13.0,13.0,13.0,13.0,13.0,13.0,13.0,13.0,13.0,13.0,13.0,13.0,13.0,13.0,13.0,13.0,13.0,13.0,13.0,13.0,13.0,13.0,13.0,13.0,13.0,13.0,13.0,13.0,13.0,13.0,13.0,13.0,13.0,13.0,13.0,13.0,13.0
"TRICITY MEDICAL CENTER, INC.",0,16,8,14.5759284,121.0851341,POINT (121.0851341 14.5759284),24,24,24,22,18,18,16,16,16,15,9,8,8,8,7,6,5,7,9,8,9,9,6,6,10,9,6,4,2,1,2,0,0,0,0,0,0,0,0,1,2,3,2,0,0,2,0,0,0,0,0,0,0,0,0,0,0,0,0,0,2,6.0,6.0,6.0,6.0,6.0,6.0,6.0,6.0,6.0,6.0,6.0,6.0,6.0,6.0,6.0,6.0,6.0,6.0,6.0,6.0,6.0,6.0,6.0,6.0,6.0,6.0,6.0,6.0,6.0,6.0,6.0,6.0,13.0,13.0,13.0,13.0,13.0,13.0,13.0,13.0,13.0,13.0,13.0,13.0,13.0,13.0,13.0,13.0,13.0,13.0,13.0,13.0,13.0,13.0,13.0,13.0,13.0,13.0,13.0,13.0,13.0
"MARIKINA DOCTORS HOSPITAL AND MEDICAL CENTER, INC.",0,5,6,14.6210508,121.0826439,POINT (121.0826439 14.6210508),11,10,9,9,9,8,7,7,5,5,5,5,4,3,2,2,3,2,0,0,0,0,2,2,2,1,2,1,2,0,0,1,0,0,0,0,0,0,0,0,0,0,0,2,0,0,0,0,0,0,0,0,0,0,0,0,0,0,1,0,0,6.0,6.0,6.0,6.0,6.0,6.0,6.0,6.0,6.0,6.0,6.0,6.0,6.0,6.0,6.0,6.0,6.0,6.0,6.0,6.0,6.0,6.0,6.0,6.0,6.0,6.0,6.0,6.0,6.0,6.0,6.0,6.0,6.0,6.0,6.0,6.0,6.0,6.0,6.0,6.0,6.0,6.0,6.0,6.0,6.0,6.0,6.0,6.0,6.0,6.0,6.0,6.0,6.0,6.0,6.0,6.0,6.0,6.0,6.0,6.0,6.0
PASIG CITY CHILDREN?S HOSPITAL ? CHILD?S HOPE,12,7,95,14.5621149,121.0743209,POINT (121.0743209 14.5621149),114,114,113,113,113,111,110,106,103,101,99,96,95,94,89,87,85,82,80,81,78,82,83,83,84,84,83,82,84,82,79,80,79,77,75,68,63,60,59,55,54,53,49,44,45,40,38,37,36,41,46,46,44,45,42,41,44,46,43,44,43,6.0,13.0,13.0,13.0,13.0,13.0,13.0,13.0,13.0,13.0,13.0,13.0,13.0,13.0,13.0,13.0,13.0,13.0,13.0,13.0,13.0,13.0,13.0,13.0,13.0,13.0,13.0,13.0,13.0,13.0,13.0,13.0,13.0,13.0,13.0,13.0,13.0,13.0,13.0,13.0,13.0,13.0,13.0,13.0,13.0,13.0,13.0,13.0,13.0,13.0,13.0,13.0,13.0,13.0,13.0,13.0,13.0,13.0,13.0,13.0,13.0
SABATER HOSPITAL,0,1,0,14.5600942,121.0828629,POINT (121.0828629 14.5600942),1,0,0,0,0,0,0,0,0,0,0,0,0,0,0,0,0,0,0,0,0,0,0,0,0,0,0,0,0,0,0,0,0,0,0,0,0,0,0,0,0,0,0,0,0,0,0,0,0,0,0,0,0,0,0,0,0,0,0,0,0,6.0,6.0,6.0,6.0,6.0,6.0,6.0,6.0,6.0,6.0,6.0,6.0,6.0,6.0,6.0,6.0,6.0,6.0,6.0,6.0,6.0,6.0,6.0,6.0,6.0,6.0,6.0,6.0,6.0,6.0,6.0,6.0,6.0,6.0,13.0,13.0,13.0,13.0,13.0,13.0,13.0,13.0,13.0,13.0,13.0,13.0,13.0,13.0,6.0,6.0,6.0,6.0,13.0,13.0,13.0,13.0,13.0,13.0,13.0,13.0,13.0
PASIG CITY GENERAL HOSPITAL,20,62,0,14.5721964,121.0994306,POINT (121.0994306 14.5721964),82,81,80,78,78,78,77,77,77,76,76,75,73,71,69,70,71,72,72,72,73,72,71,72,71,70,71,72,71,69,66,62,61,57,56,56,57,54,53,53,52,50,50,49,50,50,50,54,51,50,48,49,50,48,47,47,47,47,45,42,42,6.0,6.0,6.0,6.0,6.0,6.0,6.0,6.0,6.0,6.0,6.0,6.0,6.0,6.0,6.0,6.0,6.0,6.0,6.0,6.0,6.0,6.0,6.0,6.0,6.0,6.0,6.0,6.0,6.0,6.0,6.0,6.0,6.0,6.0,6.0,6.0,6.0,6.0,6.0,6.0,13.0,13.0,13.0,13.0,13.0,13.0,13.0,13.0,13.0,13.0,13.0,13.0,13.0,13.0,13.0,13.0,13.0,13.0,13.0,13.0,13.0
RIZAL MEDICAL CENTER,18,115,0,14.5642422,121.0659489,POINT (121.0659489 14.5642422),133,132,132,129,128,126,122,119,118,116,114,113,112,108,107,106,104,105,104,105,108,110,111,109,107,107,106,107,107,105,106,103,103,98,93,89,86,85,84,81,80,76,70,69,67,70,68,72,72,71,74,71,70,72,72,76,80,81,79,75,74,6.0,6.0,6.0,6.0,6.0,6.0,6.0,6.0,6.0,6.0,6.0,6.0,6.0,6.0,6.0,6.0,6.0,6.0,6.0,6.0,6.0,6.0,6.0,6.0,6.0,6.0,6.0,6.0,6.0,6.0,6.0,6.0,13.0,13.0,13.0,13.0,13.0,13.0,13.0,13.0,13.0,13.0,13.0,13.0,13.0,13.0,13.0,13.0,13.0,13.0,13.0,13.0,13.0,13.0,13.0,13.0,13.0,13.0,13.0,13.0,13.0
"VILLAROSA HOSPITAL, INC.",0,7,0,14.6219457,121.0661992,POINT (121.0661992 14.6219457),7,4,4,3,2,1,0,0,0,0,0,0,0,0,0,2,2,3,2,2,3,3,2,2,1,0,0,0,0,0,0,0,0,0,0,0,1,0,0,0,0,0,0,0,0,0,0,0,0,0,0,1,0,0,0,0,0,0,0,0,0,6.0,13.0,13.0,13.0,13.0,13.0,13.0,13.0,13.0,13.0,13.0,13.0,13.0,13.0,13.0,13.0,13.0,13.0,13.0,13.0,13.0,13.0,13.0,13.0,13.0,13.0,13.0,13.0,13.0,13.0,13.0,13.0,13.0,13.0,13.0,13.0,13.0,13.0,13.0,13.0,13.0,13.0,13.0,13.0,13.0,13.0,13.0,13.0,13.0,13.0,13.0,13.0,13.0,13.0,13.0,13.0,13.0,13.0,13.0,13.0,13.0
QUIRINO MEMORIAL MEDICAL CENTER,10,62,67,14.6222558,121.0728482,POINT (121.0728482 14.6222558),139,138,136,136,136,136,136,136,135,135,134,133,131,130,130,131,133,131,130,130,130,129,129,129,130,130,131,131,130,129,126,127,128,127,123,121,120,120,116,114,113,113,111,112,114,112,109,107,109,109,109,107,108,108,106,105,106,105,102,104,106,6.0,6.0,13.0,13.0,13.0,13.0,13.0,13.0,13.0,13.0,13.0,13.0,13.0,13.0,13.0,13.0,13.0,13.0,13.0,13.0,13.0,13.0,13.0,13.0,13.0,13.0,13.0,13.0,13.0,13.0,13.0,13.0,13.0,13.0,13.0,13.0,13.0,13.0,13.0,13.0,13.0,13.0,13.0,13.0,13.0,13.0,13.0,13.0,13.0,13.0,13.0,13.0,13.0,13.0,13.0,13.0,13.0,13.0,13.0,13.0,13.0
"WORD OF HOPE GENERAL HOSPITAL FOUNDATION, INC.",0,1,5,14.719285,121.0390189,POINT (121.0390189 14.719285),6,6,3,1,0,0,0,0,0,0,0,0,0,0,0,0,2,0,0,0,0,0,0,0,0,0,0,0,0,0,0,0,0,0,0,0,0,0,0,0,0,0,0,0,0,0,0,0,0,0,0,0,0,0,0,0,0,0,0,0,0,6.0,13.0,13.0,13.0,13.0,13.0,13.0,13.0,13.0,13.0,13.0,13.0,13.0,13.0,13.0,13.0,13.0,13.0,13.0,13.0,13.0,13.0,13.0,13.0,13.0,13.0,13.0,13.0,13.0,13.0,13.0,13.0,13.0,13.0,13.0,13.0,13.0,13.0,13.0,13.0,13.0,13.0,13.0,13.0,13.0,13.0,13.0,13.0,13.0,13.0,13.0,13.0,13.0,13.0,13.0,13.0,13.0,13.0,13.0,13.0,13.0
QUEENSBERRY HOSPITAL,0,0,2,14.723859,121.0397136,POINT (121.0397136 14.723859),2,0,0,0,0,0,0,0,0,0,0,0,0,0,0,0,0,0,0,0,0,0,0,0,0,0,0,0,0,0,0,0,0,0,0,0,0,0,0,0,0,0,0,0,0,0,0,0,0,0,0,0,0,0,0,0,0,0,0,0,0,6.0,13.0,13.0,13.0,13.0,13.0,13.0,13.0,13.0,13.0,13.0,13.0,13.0,13.0,13.0,13.0,13.0,13.0,13.0,13.0,13.0,13.0,13.0,13.0,13.0,13.0,13.0,13.0,13.0,13.0,13.0,13.0,13.0,13.0,13.0,13.0,13.0,13.0,13.0,13.0,13.0,13.0,13.0,13.0,13.0,13.0,13.0,13.0,13.0,13.0,13.0,13.0,13.0,13.0,13.0,13.0,13.0,13.0,13.0,13.0,13.0
ACEBEDO GENERAL HOSPITAL,0,1,4,14.7187229,121.0050807,POINT (121.0050807 14.7187229),5,4,2,0,0,0,0,0,0,0,0,0,0,0,0,0,2,3,1,0,0,0,0,0,0,0,0,0,0,0,0,0,0,0,0,0,0,0,0,0,0,0,0,0,0,0,0,0,0,0,0,0,0,0,0,0,0,0,0,0,0,6.0,13.0,13.0,13.0,13.0,13.0,13.0,13.0,13.0,13.0,13.0,13.0,13.0,13.0,13.0,13.0,13.0,13.0,13.0,13.0,13.0,13.0,13.0,13.0,13.0,13.0,13.0,13.0,13.0,13.0,13.0,13.0,13.0,13.0,13.0,13.0,13.0,13.0,13.0,13.0,13.0,13.0,13.0,13.0,13.0,13.0,13.0,13.0,13.0,13.0,13.0,13.0,13.0,13.0,13.0,13.0,13.0,13.0,13.0,13.0,13.0
"SAN LORENZO HOSPITAL HEALTH MANAGEMENT CO., INC.",0,0,5,14.73509,121.033594,POINT (121.033594 14.73509),5,2,1,0,0,0,0,0,0,0,0,0,0,0,0,2,1,0,0,0,0,0,0,0,0,0,0,0,0,0,0,0,0,0,0,0,0,0,0,0,0,0,0,0,0,0,0,0,0,0,0,0,0,0,0,0,0,0,0,0,0,6.0,13.0,13.0,13.0,13.0,13.0,13.0,13.0,13.0,13.0,13.0,13.0,13.0,13.0,13.0,13.0,13.0,13.0,13.0,13.0,13.0,13.0,13.0,13.0,13.0,13.0,13.0,13.0,13.0,13.0,13.0,13.0,13.0,13.0,13.0,13.0,13.0,13.0,13.0,13.0,13.0,13.0,13.0,13.0,13.0,13.0,13.0,13.0,13.0,13.0,13.0,13.0,13.0,13.0,13.0,13.0,13.0,13.0,13.0,13.0,13.0
DIVINE HEART MEDICAL SERVICE AND DEVELOPMENT COOPERATIVE HOS,0,7,0,14.722041,121.035899,POINT (121.035899 14.722041),7,7,4,0,0,0,0,0,0,0,0,0,0,0,0,0,0,3,0,0,0,0,0,0,0,0,0,0,0,0,0,0,0,0,0,0,0,0,0,0,0,0,0,0,0,0,0,0,0,0,0,0,0,0,0,0,0,0,0,0,0,6.0,6.0,13.0,13.0,13.0,13.0,13.0,13.0,13.0,13.0,13.0,13.0,13.0,13.0,13.0,13.0,13.0,13.0,13.0,13.0,13.0,13.0,13.0,13.0,13.0,13.0,13.0,13.0,13.0,13.0,13.0,13.0,13.0,13.0,13.0,13.0,13.0,13.0,13.0,13.0,13.0,13.0,13.0,13.0,13.0,13.0,13.0,13.0,13.0,13.0,13.0,13.0,13.0,13.0,13.0,13.0,13.0,13.0,13.0,13.0,13.0
NODADO GENERAL HOSPITAL,0,6,6,14.7514408,121.0387401,POINT (121.0387401 14.7514408),12,11,8,1,0,0,0,0,0,0,0,0,0,0,0,0,2,7,7,3,0,0,0,0,0,0,0,0,0,0,0,0,0,0,0,0,0,0,0,0,0,0,0,0,0,0,0,0,0,0,0,0,0,0,0,0,0,0,0,0,0,6.0,13.0,13.0,13.0,13.0,13.0,13.0,13.0,13.0,13.0,13.0,13.0,13.0,13.0,13.0,13.0,13.0,13.0,13.0,13.0,13.0,13.0,13.0,13.0,13.0,13.0,13.0,13.0,13.0,13.0,13.0,13.0,13.0,13.0,13.0,13.0,13.0,13.0,13.0,13.0,13.0,13.0,13.0,13.0,13.0,13.0,13.0,13.0,13.0,13.0,13.0,13.0,13.0,13.0,13.0,13.0,13.0,13.0,13.0,13.0,13.0
Bernardino General Hospital II,0,7,0,14.7401285,121.0467876,POINT (121.0467876 14.7401285),7,2,0,0,0,0,0,0,0,0,0,0,0,0,0,2,4,1,0,0,0,0,0,0,0,0,0,0,0,0,0,0,0,0,0,0,0,0,0,0,0,0,0,0,0,0,0,0,0,0,0,0,0,0,0,0,0,0,0,0,0,6.0,6.0,13.0,13.0,13.0,13.0,13.0,13.0,13.0,13.0,13.0,13.0,13.0,13.0,13.0,13.0,13.0,13.0,13.0,13.0,13.0,13.0,13.0,13.0,13.0,13.0,13.0,13.0,13.0,13.0,13.0,13.0,13.0,13.0,13.0,13.0,13.0,13.0,13.0,13.0,13.0,13.0,13.0,13.0,13.0,13.0,13.0,13.0,13.0,13.0,13.0,13.0,13.0,13.0,13.0,13.0,13.0,13.0,13.0,13.0,13.0
NOVALICHES GENERAL HOSPITAL,0,18,0,14.7094976,121.0390189,POINT (121.0390189 14.7094976),18,14,13,11,10,5,3,1,0,0,0,0,0,0,0,2,0,0,0,3,4,2,2,0,0,0,0,0,0,0,0,0,0,0,0,0,0,0,0,0,0,0,0,0,0,0,0,0,0,0,0,0,0,0,0,0,0,0,0,0,0,6.0,6.0,13.0,13.0,13.0,13.0,13.0,13.0,13.0,13.0,13.0,13.0,13.0,13.0,13.0,13.0,13.0,13.0,13.0,13.0,13.0,13.0,13.0,13.0,13.0,13.0,13.0,13.0,13.0,13.0,13.0,13.0,13.0,13.0,13.0,13.0,13.0,13.0,13.0,13.0,13.0,13.0,13.0,13.0,13.0,13.0,13.0,13.0,13.0,13.0,13.0,13.0,13.0,13.0,13.0,13.0,13.0,13.0,13.0,13.0,13.0
NOVALICHES DISTRICT HOSPITAL,0,41,0,14.700472,121.034431,POINT (121.034431 14.700472),41,41,40,36,33,31,28,24,22,20,18,13,3,0,0,0,0,3,4,5,5,7,3,4,4,5,14,15,12,11,3,0,0,0,0,0,0,0,0,0,0,0,0,0,0,0,0,0,0,0,0,0,0,0,0,0,0,0,0,0,0,6.0,13.0,13.0,13.0,13.0,13.0,13.0,13.0,13.0,13.0,13.0,13.0,13.0,13.0,13.0,13.0,13.0,13.0,13.0,13.0,13.0,13.0,13.0,13.0,13.0,13.0,13.0,13.0,13.0,13.0,13.0,13.0,13.0,13.0,13.0,13.0,13.0,13.0,13.0,13.0,13.0,13.0,13.0,13.0,13.0,13.0,13.0,13.0,13.0,13.0,13.0,13.0,13.0,13.0,13.0,13.0,13.0,13.0,13.0,13.0,13.0
BERNARDINO GENERAL HOSPITAL I,0,11,19,14.7003071,121.0349583,POINT (121.0349583 14.7003071),30,27,26,24,20,18,14,14,11,8,5,0,0,0,0,0,0,2,4,6,8,6,9,9,8,11,7,6,3,0,0,0,0,0,0,0,0,0,0,0,0,0,0,0,0,0,0,0,0,0,0,0,0,0,0,0,0,0,0,0,0,6.0,6.0,6.0,6.0,6.0,6.0,13.0,13.0,13.0,13.0,13.0,13.0,13.0,13.0,13.0,13.0,13.0,13.0,13.0,13.0,13.0,13.0,13.0,13.0,13.0,13.0,13.0,13.0,13.0,13.0,13.0,13.0,13.0,13.0,13.0,13.0,13.0,13.0,13.0,13.0,13.0,13.0,13.0,13.0,13.0,13.0,13.0,13.0,13.0,13.0,13.0,13.0,13.0,13.0,13.0,13.0,13.0,13.0,13.0,13.0,13.0
"F.Y. MANALO MEDICAL FOUNDATION, INC.",5,0,69,14.7162024,121.0565974,POINT (121.0565974 14.7162024),74,73,69,68,66,62,58,55,50,44,39,30,26,20,13,12,13,10,10,11,9,0,4,7,4,8,11,12,13,8,0,0,0,0,0,4,0,0,0,0,0,0,0,0,2,0,0,0,0,0,0,0,0,0,0,0,0,0,0,0,0,6.0,13.0,13.0,13.0,13.0,13.0,13.0,13.0,13.0,13.0,13.0,13.0,13.0,13.0,13.0,13.0,13.0,13.0,13.0,13.0,13.0,13.0,13.0,13.0,13.0,13.0,13.0,13.0,13.0,13.0,13.0,13.0,13.0,13.0,13.0,13.0,13.0,13.0,13.0,13.0,13.0,13.0,13.0,13.0,13.0,13.0,13.0,13.0,13.0,13.0,13.0,13.0,13.0,13.0,13.0,13.0,13.0,13.0,13.0,13.0,13.0
COMMONWEALTH HOSPITAL AND MEDICAL CENTER,3,31,31,14.7313248,121.0606761,POINT (121.0606761 14.7313248),65,62,60,58,56,52,47,46,40,36,32,30,24,15,7,8,10,12,12,13,12,10,11,14,14,13,15,23,29,23,19,9,0,0,0,1,0,0,0,0,0,0,0,5,5,2,1,0,0,0,0,0,0,0,0,0,0,0,0,0,0,6.0,6.0,13.0,13.0,13.0,13.0,13.0,13.0,13.0,13.0,13.0,13.0,13.0,13.0,13.0,13.0,13.0,13.0,13.0,13.0,13.0,13.0,13.0,13.0,13.0,13.0,13.0,13.0,13.0,13.0,13.0,13.0,13.0,13.0,13.0,13.0,13.0,13.0,13.0,13.0,13.0,13.0,13.0,13.0,13.0,13.0,13.0,13.0,13.0,13.0,13.0,13.0,13.0,13.0,13.0,13.0,13.0,13.0,13.0,13.0,13.0
"PACIFIC GLOBAL MEDICAL CENTER, INC.",0,2,30,14.688493,121.029989,POINT (121.029989 14.688493),32,28,24,22,20,18,15,13,10,5,2,0,0,0,0,3,5,7,8,6,7,4,7,10,10,8,8,5,2,0,0,0,0,0,0,0,0,0,0,0,0,0,0,0,0,0,0,0,0,0,0,0,0,0,0,0,0,0,0,0,0,6.0,6.0,6.0,13.0,13.0,13.0,13.0,13.0,13.0,13.0,13.0,13.0,13.0,13.0,13.0,13.0,13.0,13.0,13.0,13.0,13.0,13.0,13.0,13.0,13.0,13.0,13.0,13.0,13.0,13.0,13.0,13.0,13.0,13.0,13.0,13.0,13.0,13.0,13.0,13.0,13.0,13.0,13.0,13.0,13.0,13.0,13.0,13.0,13.0,13.0,13.0,13.0,13.0,13.0,13.0,13.0,13.0,13.0,13.0,13.0,13.0
"FEU - DR. NICANOR REYES MEDICAL FOUNDATION, INC.",0,9,26,14.6986356,121.0671184,POINT (121.0671184 14.6986356),35,31,30,26,20,18,12,9,2,0,0,0,0,0,0,0,0,1,4,3,3,2,1,0,0,0,0,0,0,0,0,0,0,0,0,0,0,0,0,0,0,0,0,0,0,0,0,0,0,0,0,0,0,0,0,0,0,0,0,0,0,6.0,13.0,13.0,13.0,13.0,13.0,13.0,13.0,13.0,13.0,13.0,13.0,13.0,13.0,13.0,13.0,13.0,13.0,13.0,13.0,13.0,13.0,13.0,13.0,13.0,13.0,13.0,13.0,13.0,13.0,13.0,13.0,13.0,13.0,13.0,13.0,13.0,13.0,13.0,13.0,13.0,13.0,13.0,13.0,13.0,13.0,13.0,13.0,13.0,13.0,13.0,13.0,13.0,13.0,13.0,13.0,13.0,13.0,13.0,13.0,13.0
"FAIRVIEW GENERAL HOSPITAL, INC.",0,14,0,14.7056037,121.0719949,POINT (121.0719949 14.7056037),14,12,11,9,5,0,0,0,0,0,0,0,0,0,0,0,0,0,0,0,0,0,0,0,0,0,0,0,0,0,0,0,0,0,0,0,0,0,0,0,0,0,0,0,0,0,0,0,0,0,0,0,0,0,0,0,0,0,0,0,0,6.0,6.0,13.0,13.0,13.0,13.0,13.0,13.0,13.0,13.0,13.0,13.0,13.0,13.0,13.0,13.0,13.0,13.0,13.0,13.0,13.0,13.0,13.0,13.0,13.0,13.0,13.0,13.0,13.0,13.0,13.0,13.0,13.0,13.0,13.0,13.0,13.0,13.0,13.0,13.0,13.0,13.0,13.0,13.0,13.0,13.0,13.0,13.0,13.0,13.0,13.0,13.0,13.0,13.0,13.0,13.0,13.0,13.0,13.0,13.0,13.0
"WORLD CITI MEDICAL CENTER, INC.",0,36,0,14.6272442,121.0633398,POINT (121.0633398 14.6272442),36,36,35,34,33,32,32,29,29,28,26,26,24,24,20,20,21,21,22,22,20,21,21,22,23,23,25,23,27,26,22,22,20,19,19,16,15,12,11,10,7,8,2,2,4,4,4,4,2,4,3,4,4,5,6,3,9,8,6,6,5,6.0,6.0,6.0,6.0,6.0,6.0,6.0,6.0,6.0,6.0,6.0,13.0,13.0,13.0,13.0,13.0,13.0,13.0,13.0,13.0,13.0,13.0,13.0,13.0,13.0,13.0,13.0,13.0,13.0,13.0,13.0,13.0,13.0,13.0,13.0,13.0,13.0,13.0,13.0,13.0,13.0,13.0,13.0,13.0,13.0,13.0,13.0,13.0,13.0,13.0,13.0,13.0,13.0,13.0,13.0,13.0,13.0,13.0,13.0,13.0,13.0
AMANG RODRIGUEZ MEMORIAL MEDICAL CENTER,5,45,45,14.6358837,121.0982344,POINT (121.0982344 14.6358837),95,95,95,94,94,94,93,93,92,91,91,89,88,84,83,82,80,79,77,75,74,73,74,73,72,74,74,77,77,75,74,74,76,78,75,76,74,71,72,69,68,61,60,62,59,56,53,48,48,45,42,43,41,43,40,42,39,35,34,34,36,6.0,6.0,13.0,13.0,13.0,13.0,13.0,13.0,13.0,13.0,13.0,13.0,13.0,13.0,13.0,13.0,13.0,13.0,13.0,13.0,13.0,13.0,13.0,13.0,13.0,13.0,13.0,13.0,13.0,13.0,13.0,13.0,13.0,13.0,13.0,13.0,13.0,13.0,13.0,13.0,13.0,13.0,13.0,13.0,13.0,13.0,13.0,13.0,13.0,13.0,13.0,13.0,13.0,13.0,13.0,13.0,13.0,13.0,13.0,13.0,13.0
VT MATERNITY HOSPITAL,0,1,0,14.637067,121.099507,POINT (121.099507 14.637067),1,0,0,0,0,0,0,0,0,0,0,0,0,0,0,0,0,0,0,0,0,0,0,0,0,0,0,0,0,0,0,0,0,0,0,0,0,0,0,0,0,0,0,0,0,0,0,0,0,0,0,0,0,0,0,0,0,0,0,0,0,6.0,13.0,13.0,13.0,13.0,13.0,13.0,13.0,13.0,13.0,13.0,13.0,13.0,13.0,13.0,13.0,13.0,13.0,13.0,13.0,13.0,13.0,13.0,13.0,13.0,13.0,13.0,13.0,13.0,13.0,13.0,13.0,13.0,13.0,13.0,13.0,13.0,13.0,13.0,13.0,13.0,13.0,13.0,13.0,13.0,13.0,13.0,13.0,13.0,13.0,13.0,13.0,13.0,13.0,13.0,13.0,13.0,13.0,13.0,13.0,13.0
UROLOGY CENTER OF THE PHILIPPINES,0,0,0,14.6419932,121.0536151,POINT (121.0536151 14.6419932),0,0,0,0,0,0,0,0,0,0,0,0,0,0,0,0,0,0,0,0,0,0,0,0,0,0,0,0,0,0,0,0,0,0,0,0,0,0,0,0,0,0,0,0,0,0,0,0,0,0,0,0,0,0,0,0,0,0,0,0,0,13.0,13.0,13.0,13.0,13.0,13.0,13.0,13.0,13.0,13.0,13.0,13.0,13.0,13.0,13.0,13.0,13.0,13.0,13.0,13.0,13.0,13.0,13.0,13.0,13.0,13.0,13.0,13.0,13.0,13.0,13.0,13.0,13.0,13.0,13.0,13.0,13.0,13.0,13.0,13.0,13.0,13.0,13.0,13.0,13.0,13.0,13.0,13.0,13.0,13.0,13.0,13.0,13.0,13.0,13.0,13.0,13.0,13.0,13.0,13.0,13.0
VICTORIANO LUNA MEDICAL CENTER (formerly AFP MEDICAL CENTER),9,16,149,14.6356249,121.0526898,POINT (121.0526898 14.6356249),174,173,173,173,173,173,171,171,169,169,168,166,165,165,165,166,166,164,163,163,165,165,165,164,163,164,163,163,162,160,158,158,158,157,154,154,152,152,153,152,151,150,150,152,153,152,151,152,153,152,153,152,150,150,151,151,151,145,143,142,142,6.0,6.0,6.0,6.0,6.0,6.0,6.0,6.0,6.0,6.0,6.0,6.0,6.0,6.0,6.0,6.0,6.0,6.0,6.0,6.0,6.0,6.0,6.0,6.0,6.0,6.0,6.0,6.0,6.0,6.0,6.0,6.0,6.0,6.0,6.0,6.0,6.0,6.0,6.0,6.0,6.0,6.0,6.0,6.0,6.0,6.0,6.0,6.0,6.0,6.0,6.0,6.0,6.0,6.0,6.0,6.0,6.0,6.0,6.0,6.0,6.0
PNP GENERAL HOSPITAL,0,0,0,14.6156163,121.0519252,POINT (121.0519252 14.6156163),0,0,0,0,0,0,0,0,0,0,0,0,0,0,0,0,0,0,0,0,0,0,0,0,0,0,0,0,0,0,0,0,0,0,0,0,0,0,0,0,0,0,0,0,0,0,0,0,0,0,0,0,0,0,0,0,0,0,0,0,0,13.0,13.0,13.0,13.0,13.0,13.0,13.0,13.0,13.0,13.0,13.0,13.0,13.0,13.0,13.0,13.0,13.0,13.0,13.0,13.0,13.0,13.0,13.0,13.0,13.0,13.0,13.0,13.0,13.0,13.0,13.0,13.0,13.0,13.0,13.0,13.0,13.0,13.0,13.0,13.0,13.0,13.0,13.0,13.0,13.0,13.0,13.0,13.0,13.0,13.0,13.0,13.0,13.0,13.0,13.0,13.0,13.0,13.0,13.0,13.0,13.0
PHILIPPINE HEART CENTER,13,127,0,14.6440237,121.0481304,POINT (121.0481304 14.6440237),140,140,140,140,140,140,139,138,136,136,135,134,131,129,129,128,126,122,121,121,122,120,122,120,121,120,122,123,121,121,121,125,123,121,120,121,118,117,112,113,108,105,106,105,103,97,98,99,97,95,96,95,98,97,102,98,95,94,94,97,95,6.0,13.0,13.0,13.0,13.0,13.0,13.0,13.0,13.0,13.0,13.0,13.0,13.0,13.0,13.0,13.0,13.0,13.0,13.0,13.0,13.0,13.0,13.0,13.0,13.0,13.0,13.0,13.0,13.0,13.0,13.0,13.0,13.0,13.0,13.0,13.0,13.0,13.0,13.0,13.0,13.0,13.0,13.0,13.0,13.0,13.0,13.0,13.0,13.0,13.0,13.0,13.0,13.0,13.0,13.0,13.0,13.0,13.0,13.0,13.0,13.0
DR. JESUS C. DELGADO MEMORIAL HOSPITAL,0,16,0,14.627742,121.03478,POINT (121.03478 14.627742),16,15,11,10,10,8,8,7,6,4,3,1,0,0,0,1,5,5,5,6,6,6,7,9,8,9,10,9,8,7,2,1,0,0,0,0,0,0,1,0,0,0,0,1,5,5,6,5,4,4,3,3,0,0,0,0,0,0,0,0,0,6.0,6.0,6.0,6.0,6.0,6.0,6.0,6.0,6.0,6.0,6.0,6.0,6.0,6.0,6.0,6.0,6.0,6.0,6.0,6.0,6.0,6.0,6.0,6.0,6.0,6.0,6.0,6.0,6.0,6.0,6.0,6.0,6.0,6.0,6.0,6.0,6.0,6.0,6.0,6.0,13.0,13.0,13.0,13.0,13.0,13.0,13.0,13.0,13.0,13.0,13.0,13.0,13.0,13.0,13.0,13.0,6.0,13.0,13.0,13.0,13.0
EAST AVENUE MEDICAL CENTER,60,201,0,14.6421672,121.0478702,POINT (121.0478702 14.6421672),261,261,260,260,259,259,258,258,256,256,256,252,251,251,250,250,250,248,247,246,246,245,246,242,242,245,244,242,241,241,241,242,242,243,242,241,238,242,241,237,237,238,236,235,232,231,229,225,225,225,226,221,220,223,222,219,219,216,214,212,213,6.0,6.0,6.0,6.0,6.0,6.0,6.0,6.0,6.0,6.0,6.0,6.0,6.0,6.0,6.0,6.0,6.0,6.0,6.0,6.0,6.0,6.0,6.0,6.0,6.0,6.0,6.0,6.0,6.0,6.0,6.0,6.0,6.0,6.0,6.0,6.0,6.0,6.0,6.0,6.0,13.0,13.0,13.0,13.0,13.0,13.0,13.0,13.0,13.0,13.0,13.0,13.0,13.0,13.0,13.0,13.0,13.0,13.0,13.0,13.0,13.0
"LAS PI?AS CITY MEDICAL CENTER, INC.",2,23,0,14.4297941,121.0034361,POINT (121.0034361 14.4297941),25,24,23,22,22,22,21,18,17,14,12,11,10,9,7,6,6,5,5,5,6,9,9,11,10,10,10,10,11,12,10,9,6,5,2,0,0,0,1,0,0,0,0,0,0,1,3,1,0,2,2,0,0,0,0,0,0,0,0,0,0,6.0,13.0,13.0,13.0,13.0,13.0,13.0,13.0,13.0,13.0,13.0,13.0,13.0,13.0,13.0,13.0,13.0,13.0,13.0,13.0,13.0,13.0,13.0,13.0,13.0,13.0,13.0,13.0,13.0,13.0,13.0,13.0,13.0,13.0,13.0,13.0,13.0,13.0,13.0,13.0,13.0,13.0,13.0,13.0,13.0,13.0,13.0,13.0,13.0,13.0,13.0,13.0,13.0,13.0,13.0,13.0,13.0,13.0,13.0,13.0,13.0
POPE JOHN PAUL II HOSPITAL AND MEDICAL CENTER INC.,0,6,35,14.4432195,120.9963143,POINT (120.9963143 14.4432195),41,41,40,37,36,36,36,35,34,34,33,31,31,31,29,26,25,28,27,26,23,22,22,21,20,21,21,21,21,23,23,18,19,18,19,16,12,8,6,4,3,0,0,0,0,3,0,0,0,2,3,4,1,0,0,1,0,0,0,0,0,6.0,13.0,13.0,13.0,13.0,13.0,13.0,13.0,13.0,13.0,13.0,13.0,13.0,13.0,13.0,13.0,13.0,13.0,13.0,13.0,13.0,13.0,13.0,13.0,13.0,13.0,13.0,13.0,13.0,13.0,13.0,13.0,13.0,13.0,13.0,13.0,13.0,13.0,13.0,13.0,13.0,13.0,13.0,13.0,13.0,13.0,13.0,13.0,13.0,13.0,13.0,13.0,13.0,13.0,13.0,13.0,13.0,13.0,13.0,13.0,13.0
ALABANG MEDICAL CLINIC - LAS PIÃ‘AS BRANCH,0,6,0,14.4428476,120.996961,POINT (120.996961 14.4428476),6,6,6,5,3,2,1,0,0,0,0,0,0,0,0,0,0,1,3,3,4,4,4,4,4,2,0,0,0,0,0,0,0,0,0,0,0,0,0,1,0,0,0,0,0,0,0,0,0,0,0,0,0,0,0,0,0,0,0,0,0,6.0,6.0,6.0,6.0,6.0,6.0,6.0,6.0,6.0,6.0,13.0,13.0,13.0,13.0,13.0,13.0,13.0,13.0,13.0,13.0,13.0,13.0,13.0,13.0,13.0,13.0,13.0,13.0,13.0,13.0,13.0,13.0,13.0,13.0,13.0,13.0,13.0,13.0,13.0,13.0,13.0,13.0,13.0,13.0,13.0,13.0,13.0,13.0,13.0,13.0,13.0,13.0,13.0,13.0,13.0,13.0,13.0,13.0,13.0,13.0,13.0
ASIAN HOSPITAL INC.,18,63,0,14.4134655,121.0435335,POINT (121.0435335 14.4134655),81,81,81,80,78,76,74,72,70,66,63,57,56,53,48,47,47,47,46,46,48,48,49,51,53,56,57,56,59,56,54,54,53,52,47,46,44,35,32,28,26,22,14,13,13,7,5,5,6,5,7,14,11,14,13,12,17,14,9,11,9,6.0,13.0,13.0,13.0,13.0,13.0,13.0,13.0,13.0,13.0,13.0,13.0,13.0,13.0,13.0,13.0,13.0,13.0,13.0,13.0,13.0,13.0,13.0,13.0,13.0,13.0,13.0,13.0,13.0,13.0,13.0,13.0,13.0,13.0,13.0,13.0,13.0,13.0,13.0,13.0,13.0,13.0,13.0,13.0,13.0,13.0,13.0,13.0,13.0,13.0,13.0,13.0,13.0,13.0,13.0,13.0,13.0,13.0,13.0,13.0,13.0
ALABANG MEDICAL CLINIC,0,9,0,14.4193084,121.0500636,POINT (121.0500636 14.4193084),9,6,6,2,1,0,0,0,0,0,0,0,0,0,0,3,2,4,4,2,1,0,0,0,0,0,0,0,0,0,0,0,0,1,0,1,0,0,0,0,0,0,0,0,0,0,0,0,1,0,0,0,0,0,0,0,0,0,0,0,0,6.0,13.0,13.0,13.0,13.0,13.0,13.0,13.0,13.0,13.0,13.0,13.0,13.0,13.0,13.0,13.0,13.0,13.0,13.0,13.0,13.0,13.0,13.0,13.0,13.0,13.0,13.0,13.0,13.0,13.0,13.0,13.0,13.0,13.0,13.0,13.0,13.0,13.0,13.0,13.0,13.0,13.0,13.0,13.0,13.0,13.0,13.0,13.0,13.0,13.0,13.0,13.0,13.0,13.0,13.0,13.0,13.0,13.0,13.0,13.0,13.0
OSPITAL NG MUNTINLUPA,9,61,0,14.414481,121.044059,POINT (121.044059 14.414481),70,68,68,67,67,67,67,63,60,59,57,54,51,51,45,44,42,41,39,39,38,42,45,43,44,46,45,45,48,47,49,49,47,46,47,41,35,35,33,28,28,28,22,18,8,8,6,3,0,3,8,6,7,6,0,0,5,8,17,13,12,6.0,6.0,6.0,6.0,6.0,6.0,6.0,6.0,6.0,6.0,6.0,6.0,13.0,13.0,13.0,13.0,13.0,13.0,13.0,13.0,13.0,13.0,13.0,13.0,13.0,13.0,13.0,13.0,13.0,13.0,13.0,13.0,13.0,13.0,13.0,13.0,13.0,13.0,13.0,13.0,13.0,13.0,13.0,13.0,13.0,13.0,13.0,13.0,13.0,13.0,13.0,13.0,13.0,13.0,13.0,13.0,13.0,13.0,13.0,13.0,13.0
RESEARCH INSTITUTE FOR TROPICAL MEDICINE,2,12,0,14.4098693,121.0372225,POINT (121.0372225 14.4098693),14,12,10,8,5,3,3,0,0,0,0,0,0,0,0,2,3,4,6,5,4,7,6,5,4,2,1,0,0,0,0,0,0,0,0,0,1,0,0,0,0,0,0,0,0,0,0,0,0,0,0,0,0,0,0,0,0,0,0,0,0,6.0,6.0,6.0,6.0,6.0,6.0,6.0,13.0,13.0,13.0,13.0,13.0,13.0,13.0,13.0,13.0,13.0,13.0,13.0,13.0,13.0,13.0,13.0,13.0,13.0,13.0,13.0,13.0,13.0,13.0,13.0,13.0,13.0,13.0,13.0,13.0,13.0,13.0,13.0,13.0,13.0,13.0,13.0,13.0,13.0,13.0,13.0,13.0,13.0,13.0,13.0,13.0,13.0,13.0,13.0,13.0,13.0,13.0,13.0,13.0,13.0
OUR LADY OF GRACE HOSPITAL INC.,0,0,9,14.64893,120.981379,POINT (120.981379 14.64893),9,8,5,0,0,0,0,0,0,0,0,0,0,0,0,0,0,5,5,5,5,2,1,0,0,0,0,0,0,0,0,0,0,0,0,0,0,0,0,0,0,0,0,0,0,0,0,0,0,0,0,0,0,0,0,0,0,0,0,0,0,6.0,13.0,13.0,13.0,13.0,13.0,13.0,13.0,13.0,13.0,13.0,13.0,13.0,13.0,13.0,13.0,13.0,13.0,13.0,13.0,13.0,13.0,13.0,13.0,13.0,13.0,13.0,13.0,13.0,13.0,13.0,13.0,13.0,13.0,13.0,13.0,13.0,13.0,13.0,13.0,13.0,13.0,13.0,13.0,13.0,13.0,13.0,13.0,13.0,13.0,13.0,13.0,13.0,13.0,13.0,13.0,13.0,13.0,13.0,13.0,13.0
MARTINEZ MEMORIAL HOSPITAL,0,10,0,14.6384367,120.9757357,POINT (120.9757357 14.6384367),10,8,6,5,3,0,0,0,0,0,0,0,0,0,0,0,1,0,0,1,0,0,0,0,0,0,0,0,0,0,0,0,0,0,0,0,0,0,0,0,0,0,0,0,0,0,0,0,0,0,0,0,0,0,0,0,0,0,0,0,0,6.0,13.0,13.0,13.0,13.0,13.0,13.0,13.0,13.0,13.0,13.0,13.0,13.0,13.0,13.0,13.0,13.0,13.0,13.0,13.0,13.0,13.0,13.0,13.0,13.0,13.0,13.0,13.0,13.0,13.0,13.0,13.0,13.0,13.0,13.0,13.0,13.0,13.0,13.0,13.0,13.0,13.0,13.0,13.0,13.0,13.0,13.0,13.0,13.0,13.0,13.0,13.0,13.0,13.0,13.0,13.0,13.0,13.0,13.0,13.0,13.0
MCU-FDT MEDICAL FOUNDATION HOSPITAL,3,21,0,14.6576691,120.9872584,POINT (120.9872584 14.6576691),24,21,21,17,15,10,9,3,1,0,0,0,0,0,0,3,2,1,2,6,3,8,5,5,4,2,0,0,0,0,0,0,0,0,0,0,0,0,0,0,0,0,0,0,0,0,0,0,0,0,0,0,0,0,0,0,0,0,0,0,0,6.0,6.0,6.0,6.0,6.0,6.0,6.0,6.0,13.0,13.0,13.0,13.0,13.0,13.0,13.0,13.0,13.0,13.0,13.0,13.0,13.0,13.0,13.0,13.0,13.0,13.0,13.0,13.0,13.0,13.0,13.0,13.0,13.0,13.0,13.0,13.0,13.0,13.0,13.0,13.0,13.0,13.0,13.0,13.0,13.0,13.0,13.0,13.0,13.0,13.0,13.0,13.0,13.0,13.0,13.0,13.0,13.0,13.0,13.0,13.0,13.0
CALOOCAN CITY MEDICAL CENTER,0,25,24,14.6483425,120.9735737,POINT (120.9735737 14.6483425),49,47,45,45,39,36,34,31,24,19,14,11,2,0,0,2,0,0,1,0,1,0,1,1,0,1,3,3,0,0,0,0,0,0,0,0,0,0,0,0,0,0,0,0,0,0,0,0,0,0,0,0,0,0,0,0,0,0,0,0,0,6.0,13.0,13.0,13.0,13.0,13.0,13.0,13.0,13.0,13.0,13.0,13.0,13.0,13.0,13.0,13.0,13.0,13.0,13.0,13.0,13.0,13.0,13.0,13.0,13.0,13.0,13.0,13.0,13.0,13.0,13.0,13.0,13.0,13.0,13.0,13.0,13.0,13.0,13.0,13.0,13.0,13.0,13.0,13.0,13.0,13.0,13.0,13.0,13.0,13.0,13.0,13.0,13.0,13.0,13.0,13.0,13.0,13.0,13.0,13.0,13.0
TONDO MEDICAL CENTER,18,30,96,14.6348716,120.9630926,POINT (120.9630926 14.6348716),144,144,144,143,141,140,140,139,137,136,136,136,135,135,131,130,128,128,129,130,130,131,130,130,127,125,126,123,127,127,126,125,124,122,119,117,116,115,115,116,113,112,107,105,102,102,98,99,102,104,104,100,95,94,97,96,99,99,100,96,97,6.0,6.0,13.0,13.0,13.0,13.0,13.0,13.0,13.0,13.0,13.0,13.0,13.0,13.0,13.0,13.0,13.0,13.0,13.0,13.0,13.0,13.0,13.0,13.0,13.0,13.0,13.0,13.0,13.0,13.0,13.0,13.0,13.0,13.0,13.0,13.0,13.0,13.0,13.0,13.0,13.0,13.0,13.0,13.0,13.0,13.0,13.0,13.0,13.0,13.0,13.0,13.0,13.0,13.0,13.0,13.0,13.0,13.0,13.0,13.0,13.0
STA. TERESITA GENERAL HOSPITAL,0,6,0,14.6247575,121.0024413,POINT (121.0024413 14.6247575),6,6,5,4,3,2,1,0,0,0,0,0,0,0,0,0,1,1,2,2,2,3,3,1,1,0,0,0,0,0,0,0,0,0,0,0,0,0,0,0,0,0,0,0,0,0,0,0,0,0,0,0,0,0,0,0,0,0,0,0,0,6.0,6.0,6.0,6.0,6.0,6.0,6.0,13.0,13.0,13.0,13.0,13.0,13.0,13.0,13.0,13.0,13.0,13.0,13.0,13.0,13.0,13.0,13.0,13.0,13.0,13.0,13.0,13.0,13.0,13.0,13.0,13.0,13.0,13.0,13.0,13.0,13.0,13.0,13.0,13.0,13.0,13.0,13.0,13.0,13.0,13.0,13.0,13.0,13.0,13.0,13.0,13.0,13.0,13.0,13.0,13.0,13.0,13.0,13.0,13.0,13.0
PHILIPPINE ORTHOPEDIC CENTER,0,12,0,14.6280361,121.0033881,POINT (121.0033881 14.6280361),12,12,11,11,11,10,10,9,9,9,9,8,6,6,5,4,5,5,4,4,4,5,5,4,4,2,4,3,3,4,1,1,2,2,2,0,0,0,0,0,0,1,1,0,3,0,0,0,0,2,1,1,0,0,0,0,0,1,0,2,0,6.0,6.0,6.0,6.0,6.0,6.0,6.0,6.0,6.0,6.0,6.0,6.0,6.0,6.0,6.0,6.0,13.0,13.0,13.0,13.0,13.0,13.0,13.0,13.0,13.0,13.0,13.0,13.0,13.0,13.0,13.0,13.0,13.0,13.0,13.0,13.0,13.0,13.0,13.0,13.0,13.0,13.0,13.0,13.0,13.0,13.0,13.0,13.0,13.0,13.0,13.0,13.0,13.0,13.0,13.0,13.0,13.0,13.0,13.0,13.0,13.0
DR. FE DEL MUNDO MEDICAL CENTER,6,0,38,14.6204717,121.009294,POINT (121.009294 14.6204717),44,44,44,42,42,41,41,41,40,38,37,37,36,34,34,33,31,33,32,31,31,28,28,28,29,27,28,30,30,31,33,30,29,30,28,31,30,30,28,29,26,24,24,22,18,21,22,21,23,18,16,16,17,13,14,16,13,14,17,12,10,6.0,13.0,13.0,13.0,13.0,13.0,13.0,13.0,13.0,13.0,13.0,13.0,13.0,13.0,13.0,13.0,13.0,13.0,13.0,13.0,13.0,13.0,13.0,13.0,13.0,13.0,13.0,13.0,13.0,13.0,13.0,13.0,13.0,13.0,13.0,13.0,13.0,13.0,13.0,13.0,13.0,13.0,13.0,13.0,13.0,13.0,13.0,13.0,13.0,13.0,13.0,13.0,13.0,13.0,13.0,13.0,13.0,13.0,13.0,13.0,13.0
QUEZON INSTITUTE,0,1,3,14.6177638,121.0129499,POINT (121.0129499 14.6177638),4,3,3,3,3,1,1,0,0,0,0,0,0,0,0,1,1,1,1,0,0,0,0,0,0,0,0,0,0,0,0,0,0,0,0,0,0,0,0,0,0,0,0,0,0,0,0,0,0,0,0,0,0,0,0,0,0,0,0,0,0,6.0,6.0,6.0,13.0,13.0,13.0,13.0,13.0,13.0,13.0,13.0,13.0,13.0,13.0,13.0,13.0,13.0,13.0,13.0,13.0,13.0,13.0,13.0,13.0,13.0,13.0,13.0,13.0,13.0,13.0,13.0,13.0,13.0,13.0,13.0,13.0,13.0,13.0,13.0,13.0,13.0,13.0,13.0,13.0,13.0,13.0,13.0,13.0,13.0,13.0,13.0,13.0,13.0,13.0,13.0,13.0,13.0,13.0,13.0,13.0,13.0
DE LOS SANTOS MEDICAL CENTER,8,18,19,14.6200907,121.0177773,POINT (121.0177773 14.6200907),45,43,43,42,42,42,42,42,41,41,38,37,34,34,33,35,35,34,34,32,31,30,30,28,29,29,31,31,30,27,26,26,23,23,24,23,20,20,17,14,9,8,6,9,9,9,10,10,9,9,12,11,13,14,18,19,20,17,16,16,15,6.0,6.0,6.0,6.0,6.0,6.0,13.0,13.0,13.0,13.0,13.0,13.0,13.0,13.0,13.0,13.0,13.0,13.0,13.0,13.0,13.0,13.0,13.0,13.0,13.0,13.0,13.0,13.0,13.0,13.0,13.0,13.0,13.0,13.0,13.0,13.0,13.0,13.0,13.0,13.0,13.0,13.0,13.0,13.0,13.0,13.0,13.0,13.0,13.0,13.0,13.0,13.0,13.0,13.0,13.0,13.0,13.0,13.0,13.0,13.0,13.0
NATIONAL CHILDREN?S HOSPITAL,13,77,0,14.6204405,121.0208118,POINT (121.0208118 14.6204405),90,89,89,89,89,88,88,88,87,86,86,86,86,86,86,87,87,86,85,86,86,85,85,84,83,83,83,82,82,80,80,80,80,79,79,79,79,79,80,78,78,78,78,80,79,77,76,77,75,75,74,74,73,75,75,74,74,72,72,74,75,6.0,6.0,6.0,6.0,6.0,6.0,6.0,6.0,6.0,6.0,6.0,6.0,6.0,6.0,6.0,6.0,6.0,6.0,6.0,6.0,6.0,6.0,6.0,6.0,6.0,6.0,6.0,6.0,6.0,6.0,6.0,6.0,6.0,6.0,6.0,6.0,6.0,6.0,6.0,6.0,6.0,6.0,6.0,6.0,6.0,6.0,6.0,6.0,6.0,6.0,6.0,6.0,6.0,6.0,6.0,6.0,6.0,6.0,6.0,6.0,6.0
"CAPITOL MEDICAL CENTER, INC.",7,15,9,14.6342467,121.0228414,POINT (121.0228414 14.6342467),31,29,29,28,28,26,25,25,22,20,19,19,18,17,14,16,15,14,14,15,15,14,17,17,17,16,17,17,18,16,17,17,15,14,14,14,10,10,9,9,8,7,2,4,3,2,3,4,3,1,5,4,3,2,3,4,8,6,6,6,4,6.0,13.0,13.0,13.0,13.0,13.0,13.0,13.0,13.0,13.0,13.0,13.0,13.0,13.0,13.0,13.0,13.0,13.0,13.0,13.0,13.0,13.0,13.0,13.0,13.0,13.0,13.0,13.0,13.0,13.0,13.0,13.0,13.0,13.0,13.0,13.0,13.0,13.0,13.0,13.0,13.0,13.0,13.0,13.0,13.0,13.0,13.0,13.0,13.0,13.0,13.0,13.0,13.0,13.0,13.0,13.0,13.0,13.0,13.0,13.0,13.0
LUNG CENTER OF THE PHILIPPINES,64,10,41,14.6477049,121.0458148,POINT (121.0458148 14.6477049),115,115,114,112,111,111,108,106,105,105,103,102,100,97,97,96,97,98,98,97,99,100,101,99,98,99,100,103,103,102,100,99,97,95,91,88,86,86,85,80,77,73,72,70,70,71,70,70,73,73,75,73,73,77,78,79,80,81,81,75,74,6.0,6.0,6.0,6.0,6.0,6.0,6.0,6.0,6.0,6.0,6.0,6.0,6.0,6.0,6.0,6.0,6.0,6.0,6.0,6.0,6.0,6.0,6.0,6.0,6.0,6.0,6.0,6.0,6.0,6.0,6.0,6.0,6.0,6.0,6.0,6.0,6.0,6.0,6.0,6.0,6.0,6.0,6.0,6.0,6.0,6.0,6.0,6.0,6.0,6.0,6.0,6.0,6.0,6.0,6.0,6.0,6.0,6.0,6.0,6.0,6.0
NATIONAL KIDNEY AND TRANSPLANT INSTITUTE,7,100,30,14.6473447,121.0473288,POINT (121.0473288 14.6473447),137,136,136,135,133,132,132,131,130,129,127,124,123,122,121,120,119,119,116,117,116,117,116,116,116,118,118,116,115,114,112,109,109,106,106,104,105,104,104,101,99,100,100,99,98,100,100,101,99,100,99,100,96,98,98,96,96,95,96,91,89,6.0,6.0,6.0,6.0,6.0,6.0,6.0,6.0,6.0,6.0,6.0,6.0,6.0,6.0,6.0,6.0,6.0,6.0,6.0,6.0,6.0,6.0,6.0,6.0,6.0,6.0,6.0,6.0,6.0,6.0,6.0,6.0,6.0,6.0,6.0,6.0,6.0,6.0,6.0,6.0,6.0,6.0,6.0,6.0,6.0,6.0,6.0,6.0,6.0,6.0,6.0,6.0,6.0,6.0,6.0,6.0,6.0,6.0,6.0,6.0,6.0
"PROVIDENCE HOSPITAL, INC.",5,1,14,14.6411655,121.0317779,POINT (121.0317779 14.6411655),20,20,18,17,15,15,15,14,14,12,12,12,12,11,10,7,9,10,12,10,7,6,5,7,6,5,4,3,4,7,3,0,0,1,4,3,2,0,0,0,0,1,0,0,3,6,5,2,0,0,1,2,0,0,0,0,0,0,0,0,0,6.0,6.0,6.0,6.0,6.0,13.0,13.0,13.0,13.0,13.0,13.0,13.0,13.0,13.0,13.0,13.0,13.0,13.0,13.0,13.0,13.0,13.0,13.0,13.0,13.0,13.0,13.0,13.0,13.0,13.0,13.0,13.0,13.0,13.0,13.0,13.0,13.0,13.0,13.0,13.0,13.0,13.0,13.0,13.0,13.0,13.0,13.0,13.0,13.0,13.0,13.0,13.0,13.0,13.0,13.0,13.0,13.0,13.0,13.0,13.0,13.0
PHILIPPINE CHILDREN?S MEDICAL CENTER,79,1,5,14.6476963,121.0411248,POINT (121.0411248 14.6476963),85,84,83,83,82,80,78,78,77,75,73,73,72,70,68,68,69,68,69,70,72,71,71,71,72,71,70,70,71,71,69,67,62,61,58,58,57,55,54,53,51,51,48,47,48,49,53,53,56,53,54,53,51,44,44,44,46,45,44,40,35,6.0,6.0,6.0,6.0,6.0,6.0,6.0,6.0,6.0,6.0,6.0,6.0,6.0,6.0,6.0,6.0,6.0,6.0,6.0,6.0,6.0,6.0,6.0,6.0,6.0,6.0,6.0,6.0,6.0,6.0,6.0,6.0,6.0,6.0,6.0,6.0,6.0,6.0,6.0,6.0,6.0,6.0,6.0,6.0,6.0,6.0,6.0,6.0,6.0,6.0,6.0,6.0,6.0,6.0,6.0,6.0,6.0,6.0,6.0,6.0,6.0
VETERANS MEMORIAL MEDICAL CENTER,23,144,104,14.6561184,121.0400556,POINT (121.0400556 14.6561184),271,270,269,267,267,266,266,265,264,263,262,260,258,257,257,257,257,258,256,256,254,253,254,252,251,253,254,253,250,247,245,243,241,238,238,237,235,231,227,222,217,216,219,221,223,224,224,226,220,221,217,220,222,225,229,227,224,222,217,213,212,6.0,6.0,6.0,6.0,6.0,6.0,6.0,6.0,6.0,6.0,6.0,6.0,6.0,13.0,13.0,13.0,13.0,13.0,13.0,13.0,13.0,13.0,13.0,13.0,13.0,13.0,13.0,13.0,13.0,6.0,6.0,13.0,13.0,13.0,13.0,13.0,13.0,13.0,13.0,13.0,13.0,13.0,13.0,13.0,13.0,13.0,13.0,13.0,13.0,13.0,13.0,13.0,13.0,13.0,13.0,13.0,13.0,13.0,13.0,13.0,13.0
"J.P. SIOSON GENERAL HOSPITAL AND COLLEGES, INC",0,5,0,14.6598002,121.0252463,POINT (121.0252463 14.6598002),5,5,5,5,2,0,0,0,0,0,0,0,0,0,0,0,0,0,0,0,0,0,0,0,0,0,0,0,0,0,0,0,0,0,0,0,0,0,0,0,0,0,0,0,0,0,0,0,0,0,0,0,0,0,0,0,0,0,0,0,0,6.0,6.0,6.0,6.0,6.0,6.0,6.0,6.0,6.0,13.0,13.0,13.0,13.0,13.0,13.0,13.0,13.0,13.0,13.0,13.0,13.0,13.0,13.0,13.0,13.0,13.0,13.0,13.0,13.0,13.0,13.0,13.0,13.0,13.0,13.0,13.0,13.0,13.0,13.0,13.0,13.0,13.0,13.0,13.0,13.0,13.0,13.0,13.0,13.0,13.0,13.0,13.0,13.0,13.0,13.0,13.0,13.0,13.0,13.0,13.0,13.0
QUEZON CITY GENERAL HOSPITAL,29,81,0,14.6611598,121.0182091,POINT (121.0182091 14.6611598),110,108,103,102,101,97,97,96,94,90,89,88,86,84,81,79,83,82,80,84,84,80,82,86,85,84,84,86,89,87,81,76,78,71,66,67,61,46,44,43,35,28,19,19,20,24,17,15,13,5,7,15,10,2,6,7,8,3,0,0,0,6.0,6.0,6.0,6.0,6.0,6.0,6.0,6.0,13.0,13.0,13.0,13.0,13.0,13.0,13.0,13.0,13.0,13.0,13.0,13.0,13.0,13.0,13.0,13.0,13.0,13.0,13.0,13.0,13.0,13.0,13.0,13.0,13.0,13.0,13.0,13.0,13.0,13.0,13.0,13.0,13.0,13.0,13.0,13.0,13.0,13.0,13.0,13.0,13.0,13.0,13.0,13.0,13.0,13.0,13.0,13.0,13.0,13.0,13.0,13.0,13.0
DR. MONTANO G. RAMOS GENERAL HOSPITAL CORPORATION,0,8,0,14.6595055,121.0235949,POINT (121.0235949 14.6595055),8,7,6,5,5,4,3,0,0,0,0,0,0,0,0,1,2,3,0,0,0,3,1,0,0,0,0,0,0,0,0,0,0,0,0,0,0,0,0,0,0,0,0,0,0,0,0,0,0,0,0,0,0,0,0,0,0,0,0,0,0,6.0,6.0,6.0,6.0,6.0,6.0,6.0,6.0,6.0,6.0,6.0,6.0,6.0,6.0,6.0,6.0,6.0,6.0,6.0,6.0,6.0,6.0,6.0,6.0,6.0,6.0,6.0,6.0,6.0,6.0,6.0,6.0,6.0,6.0,6.0,6.0,6.0,6.0,6.0,6.0,6.0,6.0,6.0,6.0,6.0,6.0,6.0,6.0,6.0,6.0,6.0,6.0,6.0,6.0,6.0,6.0,6.0,6.0,6.0,6.0,6.0
GEN. MIGUEL M. MALVAR MEDICAL FOUNDATION HOSPITAL,0,4,0,14.6674046,121.0726699,POINT (121.0726699 14.6674046),4,1,0,0,0,0,0,0,0,0,0,0,0,0,0,0,0,0,0,0,0,0,0,0,0,0,0,0,0,0,0,0,0,0,0,0,0,0,0,0,0,0,0,0,0,0,0,0,0,0,0,0,0,0,0,0,0,0,0,0,0,6.0,6.0,6.0,6.0,6.0,6.0,6.0,6.0,6.0,6.0,6.0,13.0,13.0,13.0,13.0,13.0,13.0,13.0,13.0,13.0,13.0,13.0,13.0,13.0,13.0,13.0,6.0,13.0,13.0,13.0,13.0,13.0,13.0,13.0,13.0,13.0,13.0,13.0,13.0,13.0,13.0,13.0,13.0,13.0,13.0,13.0,13.0,13.0,13.0,13.0,13.0,13.0,13.0,13.0,13.0,13.0,13.0,13.0,13.0,13.0,13.0
"METRO NORTH MEDICAL CENTER AND HOSPITAL, INC.",1,14,7,14.668842,121.033579,POINT (121.033579 14.668842),22,20,20,19,19,19,18,17,16,14,14,12,10,6,3,0,0,0,0,0,0,0,1,1,0,2,2,5,7,7,3,0,0,0,0,0,0,0,0,0,0,0,0,0,1,2,0,0,0,0,0,0,0,0,0,0,0,0,0,0,0,6.0,6.0,6.0,6.0,6.0,6.0,6.0,13.0,13.0,13.0,13.0,13.0,13.0,13.0,13.0,13.0,13.0,13.0,13.0,13.0,13.0,13.0,13.0,13.0,13.0,13.0,13.0,13.0,13.0,13.0,13.0,13.0,13.0,13.0,13.0,13.0,13.0,13.0,13.0,13.0,13.0,13.0,13.0,13.0,13.0,13.0,13.0,13.0,13.0,13.0,13.0,13.0,13.0,13.0,13.0,13.0,13.0,13.0,13.0,13.0,13.0
"DILIMAN DOCTORS HOSPITAL, INC. (new)",3,6,26,14.6684416,121.0760803,POINT (121.0760803 14.6684416),35,35,35,35,29,28,25,19,13,7,4,0,0,0,0,0,0,0,3,1,0,4,9,12,12,14,11,3,0,0,0,0,0,0,0,0,0,0,0,0,0,0,0,0,0,0,0,0,0,0,0,0,0,0,0,0,0,0,0,0,0,6.0,6.0,6.0,6.0,6.0,6.0,6.0,6.0,6.0,6.0,6.0,6.0,13.0,13.0,13.0,13.0,13.0,13.0,13.0,13.0,13.0,13.0,13.0,13.0,13.0,13.0,13.0,13.0,13.0,13.0,13.0,13.0,13.0,13.0,13.0,13.0,13.0,13.0,13.0,13.0,13.0,13.0,13.0,13.0,13.0,13.0,13.0,13.0,13.0,13.0,13.0,13.0,13.0,13.0,13.0,13.0,13.0,13.0,13.0,13.0,13.0
"ALLIED CARE EXPERTS (ACE) MEDICAL CENTER-QUEZON CITY, INC.",6,11,13,14.6603861,121.0172572,POINT (121.0172572 14.6603861),30,28,25,23,21,20,19,19,18,16,11,9,7,4,3,4,6,8,9,10,10,9,10,10,13,11,12,14,13,9,5,0,0,0,0,0,0,0,0,0,0,0,0,0,0,4,0,0,0,0,0,0,0,0,0,0,0,0,0,0,0,6.0,6.0,6.0,6.0,6.0,6.0,6.0,6.0,6.0,6.0,6.0,6.0,6.0,6.0,6.0,6.0,6.0,6.0,6.0,6.0,6.0,6.0,6.0,6.0,6.0,6.0,6.0,6.0,6.0,6.0,6.0,6.0,6.0,6.0,6.0,6.0,6.0,6.0,6.0,6.0,6.0,6.0,6.0,6.0,6.0,6.0,6.0,6.0,6.0,6.0,6.0,6.0,6.0,6.0,6.0,6.0,6.0,6.0,6.0,6.0,6.0
ST. LUKE?S MEDICAL CENTER - GLOBAL CITY,22,7,101,14.554936,121.0482191,POINT (121.0482191 14.554936),130,129,128,127,126,124,123,123,122,119,119,114,113,113,111,110,110,110,110,109,108,105,106,108,106,111,111,110,109,110,107,105,102,103,100,100,98,94,95,88,88,89,88,84,84,84,84,82,83,82,82,84,82,88,85,80,80,84,82,80,79,6.0,6.0,6.0,6.0,6.0,6.0,6.0,6.0,6.0,6.0,6.0,6.0,6.0,6.0,6.0,6.0,6.0,6.0,6.0,13.0,13.0,13.0,13.0,13.0,13.0,13.0,13.0,13.0,13.0,13.0,13.0,13.0,13.0,13.0,13.0,13.0,13.0,13.0,13.0,13.0,13.0,13.0,13.0,13.0,13.0,13.0,13.0,13.0,13.0,13.0,13.0,13.0,13.0,13.0,13.0,13.0,13.0,13.0,13.0,13.0,13.0
ST. LUKE?S MEDICAL CENTER,11,94,0,14.554936,121.0482191,POINT (121.0482191 14.554936),105,105,105,101,96,96,95,91,91,88,87,87,87,85,84,84,82,86,90,90,91,94,90,93,93,91,89,91,89,86,88,83,79,77,75,71,75,69,67,67,68,63,64,67,64,69,71,70,71,74,68,73,75,74,73,76,71,66,66,58,55,6.0,6.0,6.0,6.0,6.0,6.0,6.0,6.0,6.0,6.0,6.0,6.0,6.0,6.0,6.0,6.0,6.0,6.0,6.0,6.0,6.0,6.0,6.0,6.0,6.0,6.0,6.0,6.0,6.0,6.0,6.0,6.0,6.0,6.0,6.0,6.0,6.0,6.0,6.0,6.0,6.0,6.0,6.0,6.0,6.0,6.0,6.0,6.0,6.0,6.0,6.0,6.0,6.0,6.0,6.0,6.0,6.0,6.0,6.0,6.0,6.0
OSPITAL NG MAKATI,14,131,10,14.5465028,121.0617574,POINT (121.0617574 14.5465028),155,155,151,148,147,145,145,144,142,142,137,134,131,131,128,127,128,131,131,132,130,126,125,120,123,124,124,121,119,119,111,102,101,94,93,95,93,97,89,84,84,86,83,79,81,85,81,85,84,78,75,70,74,77,71,65,62,62,57,48,46,6.0,6.0,6.0,6.0,6.0,6.0,6.0,13.0,13.0,13.0,13.0,13.0,13.0,13.0,13.0,13.0,13.0,13.0,13.0,13.0,13.0,13.0,13.0,13.0,13.0,13.0,13.0,13.0,13.0,13.0,13.0,13.0,13.0,13.0,13.0,13.0,13.0,13.0,13.0,13.0,13.0,13.0,13.0,13.0,13.0,13.0,13.0,13.0,13.0,13.0,13.0,13.0,13.0,13.0,13.0,13.0,13.0,13.0,13.0,13.0,13.0
"ALLIED CARE EXPERTS (ACE) MEDICAL CENTER-PATEROS, INC.",3,15,0,14.5440787,121.0652003,POINT (121.0652003 14.5440787),18,15,14,11,10,8,7,4,0,0,0,0,0,0,0,1,0,0,0,0,0,2,4,2,0,0,0,0,0,0,0,0,0,0,0,0,0,0,1,0,0,0,0,0,0,0,0,0,0,0,0,0,0,0,0,0,0,0,0,0,0,6.0,6.0,6.0,6.0,6.0,6.0,6.0,6.0,6.0,6.0,6.0,6.0,6.0,6.0,6.0,6.0,6.0,6.0,6.0,6.0,6.0,6.0,6.0,6.0,6.0,6.0,6.0,6.0,6.0,6.0,6.0,6.0,6.0,6.0,6.0,6.0,6.0,6.0,6.0,6.0,6.0,6.0,6.0,6.0,6.0,6.0,6.0,6.0,6.0,6.0,6.0,6.0,6.0,6.0,6.0,6.0,6.0,6.0,6.0,6.0,6.0
MANDALUYONG CITY MEDICAL CENTER,4,45,26,14.5762966,121.0352591,POINT (121.0352591 14.5762966),75,74,73,72,71,71,71,68,68,66,62,60,59,56,56,55,53,53,53,49,49,50,47,48,51,53,51,52,50,50,52,51,51,52,51,48,49,48,44,40,41,40,42,42,38,38,35,31,32,35,33,31,34,37,34,32,30,27,28,28,30,6.0,13.0,13.0,13.0,13.0,13.0,13.0,13.0,13.0,13.0,13.0,13.0,13.0,13.0,13.0,13.0,13.0,13.0,13.0,13.0,13.0,13.0,13.0,13.0,13.0,13.0,13.0,13.0,13.0,13.0,13.0,13.0,13.0,13.0,13.0,13.0,13.0,13.0,13.0,13.0,13.0,13.0,13.0,13.0,13.0,13.0,13.0,13.0,13.0,13.0,13.0,13.0,13.0,13.0,13.0,13.0,13.0,13.0,13.0,13.0,13.0
"MEDICAL CENTER OF TAGUIG CITY, INC.",0,6,24,14.5306614,121.0654111,POINT (121.0654111 14.5306614),30,30,28,27,24,21,21,20,20,18,16,13,11,11,10,7,8,8,8,8,5,4,4,4,4,5,4,0,0,0,0,0,0,0,1,0,0,0,0,0,0,0,0,0,0,0,0,0,0,0,0,0,0,0,0,0,0,0,0,0,0,6.0,6.0,6.0,6.0,6.0,6.0,6.0,6.0,6.0,6.0,6.0,6.0,6.0,6.0,6.0,6.0,6.0,6.0,6.0,6.0,6.0,6.0,6.0,6.0,6.0,6.0,6.0,6.0,6.0,6.0,6.0,6.0,6.0,6.0,6.0,6.0,6.0,6.0,6.0,6.0,6.0,6.0,6.0,6.0,6.0,6.0,6.0,6.0,6.0,6.0,6.0,6.0,6.0,6.0,6.0,6.0,6.0,6.0,6.0,6.0,6.0
CRUZ-RABE MATERNITY AND GENERAL HOSPITAL,0,0,8,14.5292313,121.0706127,POINT (121.0706127 14.5292313),8,7,5,2,1,0,0,0,0,0,0,0,0,0,0,0,1,1,0,0,0,0,0,0,0,0,0,0,0,0,0,0,0,0,0,0,0,0,0,0,0,0,0,0,0,0,0,0,0,0,0,0,0,0,0,0,0,0,0,0,0,6.0,6.0,6.0,6.0,6.0,6.0,6.0,6.0,6.0,6.0,6.0,6.0,6.0,6.0,6.0,6.0,6.0,6.0,6.0,6.0,6.0,6.0,6.0,6.0,6.0,6.0,6.0,6.0,6.0,6.0,6.0,6.0,6.0,6.0,6.0,6.0,6.0,6.0,6.0,6.0,6.0,6.0,6.0,6.0,6.0,6.0,6.0,6.0,6.0,6.0,6.0,6.0,6.0,6.0,6.0,6.0,6.0,6.0,6.0,6.0,13.0
UNIVERSITY OF THE EAST RAMON MAGSAYSAY MEMORIAL MEDICAL CENT,10,11,16,14.6071443,121.0207325,POINT (121.0207325 14.6071443),37,35,35,33,32,32,31,30,30,29,29,29,27,26,26,28,28,28,28,24,25,25,23,23,23,22,22,21,20,18,17,17,17,20,16,16,16,15,15,15,13,14,12,13,13,11,11,7,11,10,10,11,7,6,3,2,3,0,0,1,0,6.0,13.0,13.0,13.0,13.0,13.0,13.0,13.0,13.0,13.0,13.0,13.0,13.0,13.0,13.0,13.0,13.0,13.0,13.0,13.0,13.0,13.0,13.0,13.0,13.0,13.0,13.0,13.0,13.0,13.0,13.0,13.0,13.0,13.0,13.0,13.0,13.0,13.0,13.0,13.0,13.0,13.0,13.0,13.0,13.0,13.0,13.0,13.0,13.0,13.0,13.0,13.0,13.0,13.0,13.0,13.0,13.0,13.0,13.0,13.0,13.0
D.T. PROTACIO HOSPITAL,0,6,0,14.5242582,120.9967919,POINT (120.9967919 14.5242582),6,5,5,4,4,3,2,1,1,0,0,0,0,0,0,0,0,0,0,0,0,0,0,1,1,0,0,0,0,0,0,0,0,0,0,0,0,0,0,0,0,0,0,0,0,0,0,0,0,0,0,0,0,0,0,0,0,0,0,0,0,6.0,6.0,6.0,6.0,6.0,6.0,6.0,6.0,6.0,6.0,6.0,6.0,6.0,6.0,6.0,6.0,6.0,6.0,6.0,6.0,6.0,6.0,6.0,6.0,6.0,6.0,6.0,6.0,6.0,6.0,6.0,6.0,6.0,6.0,6.0,6.0,6.0,6.0,6.0,6.0,6.0,13.0,13.0,13.0,13.0,13.0,13.0,13.0,13.0,13.0,13.0,13.0,13.0,13.0,13.0,13.0,13.0,13.0,13.0,13.0,13.0
OSPITAL NG PARAÃ‘AQUE,0,15,10,14.5004142,120.9911214,POINT (120.9911214 14.5004142),25,25,24,24,23,21,19,19,19,17,15,15,14,13,13,12,10,10,10,12,12,9,8,9,11,10,11,11,10,9,11,9,9,6,5,6,4,2,0,0,0,0,0,0,0,1,1,3,3,0,0,0,0,0,0,0,0,0,0,0,0,6.0,6.0,6.0,6.0,6.0,6.0,6.0,6.0,6.0,6.0,6.0,6.0,6.0,6.0,6.0,6.0,6.0,6.0,6.0,6.0,6.0,6.0,6.0,6.0,6.0,6.0,6.0,6.0,6.0,6.0,6.0,6.0,6.0,6.0,6.0,6.0,6.0,6.0,6.0,6.0,6.0,6.0,6.0,6.0,6.0,6.0,6.0,6.0,13.0,13.0,13.0,13.0,13.0,13.0,13.0,13.0,13.0,13.0,13.0,13.0,13.0
"FOUNDATION OF OUR LADY OF PEACE MISSION, INC.-OUR LADY OF PE",0,4,23,14.4933617,120.9874388,POINT (120.9874388 14.4933617),27,26,26,26,25,24,23,22,21,19,18,18,16,15,11,11,11,9,7,8,8,7,8,10,10,9,8,8,10,8,8,9,9,6,4,2,0,0,0,0,0,0,0,0,0,0,0,2,1,0,0,0,0,0,0,0,0,0,0,0,0,6.0,6.0,6.0,6.0,6.0,6.0,6.0,6.0,6.0,6.0,6.0,6.0,6.0,6.0,6.0,6.0,6.0,6.0,6.0,6.0,6.0,6.0,6.0,6.0,6.0,6.0,6.0,6.0,6.0,6.0,6.0,6.0,6.0,6.0,6.0,6.0,6.0,6.0,6.0,6.0,6.0,6.0,6.0,6.0,6.0,6.0,6.0,6.0,13.0,13.0,13.0,13.0,13.0,13.0,13.0,13.0,13.0,13.0,13.0,13.0,13.0
THE PREMIER MEDICAL CENTER,1,5,10,14.4883843,120.9927341,POINT (120.9927341 14.4883843),16,16,14,12,12,10,8,5,2,0,0,0,0,0,0,0,0,1,0,1,3,5,8,8,8,8,8,8,6,6,6,0,0,0,0,0,0,0,0,0,0,0,0,0,0,3,1,1,0,0,0,0,0,0,0,0,0,0,0,0,0,6.0,6.0,6.0,6.0,6.0,6.0,6.0,6.0,6.0,6.0,6.0,6.0,6.0,6.0,6.0,6.0,6.0,6.0,6.0,6.0,6.0,6.0,6.0,6.0,6.0,6.0,6.0,6.0,6.0,13.0,13.0,13.0,13.0,13.0,13.0,13.0,13.0,13.0,13.0,13.0,13.0,13.0,13.0,13.0,13.0,13.0,13.0,13.0,13.0,13.0,13.0,13.0,13.0,13.0,13.0,13.0,13.0,13.0,13.0,13.0,13.0
"SAN JUAN DE DIOS EDUCATIONAL FOUNDATION, INC.",3,27,0,14.5378892,120.9930321,POINT (120.9930321 14.5378892),30,27,26,25,21,20,19,18,18,15,14,12,8,6,4,6,6,4,5,4,4,5,5,7,7,7,10,12,12,7,5,6,3,1,0,0,0,0,0,0,0,0,0,1,0,0,2,0,0,0,0,0,0,0,0,0,0,0,0,0,0,6.0,13.0,13.0,13.0,13.0,13.0,13.0,13.0,13.0,13.0,13.0,13.0,13.0,13.0,13.0,13.0,13.0,13.0,13.0,13.0,13.0,13.0,13.0,13.0,13.0,13.0,13.0,13.0,13.0,13.0,13.0,13.0,13.0,13.0,13.0,13.0,13.0,13.0,13.0,13.0,13.0,13.0,13.0,13.0,13.0,13.0,13.0,13.0,13.0,13.0,13.0,13.0,13.0,13.0,13.0,13.0,13.0,13.0,13.0,13.0,13.0
OUR LADY OF LOURDES HOSPITAL,1,69,0,14.5949547,121.0225571,POINT (121.0225571 14.5949547),70,67,65,64,64,62,57,54,52,51,50,50,47,44,44,46,44,42,42,44,48,49,50,51,51,49,52,55,53,49,50,51,50,45,41,39,36,32,32,34,29,24,24,28,26,23,23,26,28,30,32,35,33,27,31,35,32,25,24,23,22,6.0,6.0,6.0,6.0,6.0,6.0,6.0,6.0,6.0,6.0,6.0,6.0,6.0,6.0,6.0,6.0,6.0,6.0,6.0,6.0,6.0,6.0,6.0,6.0,6.0,6.0,6.0,6.0,6.0,6.0,6.0,6.0,6.0,6.0,6.0,6.0,6.0,13.0,13.0,13.0,13.0,13.0,13.0,13.0,13.0,13.0,13.0,13.0,13.0,13.0,13.0,13.0,13.0,13.0,13.0,13.0,13.0,13.0,13.0,13.0,13.0
TRINITY WOMAN AND CHILD CENTER (THE BIRTHPLACE),0,6,0,14.584378,121.017462,POINT (121.017462 14.584378),6,4,0,0,0,0,0,0,0,0,0,0,0,0,0,0,2,2,1,0,0,0,0,0,0,0,0,0,0,0,0,0,0,0,0,0,0,0,0,0,0,0,0,0,0,0,0,0,0,0,0,0,0,0,0,0,0,0,0,0,0,6.0,13.0,13.0,13.0,13.0,13.0,13.0,13.0,13.0,13.0,13.0,13.0,13.0,13.0,13.0,13.0,13.0,13.0,13.0,13.0,13.0,13.0,13.0,13.0,13.0,13.0,13.0,13.0,13.0,13.0,13.0,13.0,13.0,13.0,13.0,13.0,13.0,13.0,13.0,13.0,13.0,13.0,13.0,13.0,13.0,13.0,13.0,13.0,13.0,13.0,13.0,13.0,13.0,13.0,13.0,13.0,13.0,13.0,13.0,13.0,13.0
STA. ANA HOSPITAL,6,144,0,14.583335,121.016499,POINT (121.016499 14.583335),150,149,148,145,143,143,142,142,140,138,135,134,132,131,128,128,127,130,130,126,124,122,122,122,122,117,118,119,121,119,119,115,114,118,119,118,114,111,110,114,109,107,103,103,103,103,104,99,96,95,97,98,95,84,87,85,86,85,81,80,75,6.0,13.0,13.0,13.0,13.0,13.0,13.0,13.0,13.0,13.0,13.0,13.0,13.0,13.0,13.0,13.0,13.0,13.0,13.0,13.0,13.0,13.0,13.0,13.0,13.0,13.0,13.0,13.0,13.0,13.0,13.0,13.0,13.0,13.0,13.0,13.0,13.0,13.0,13.0,13.0,13.0,13.0,13.0,13.0,13.0,13.0,13.0,13.0,13.0,13.0,13.0,13.0,13.0,13.0,13.0,13.0,13.0,13.0,13.0,13.0,13.0
SAN JUAN MEDICAL CENTER,0,22,53,14.6065754,121.0236011,POINT (121.0236011 14.6065754),75,74,74,74,74,72,69,67,67,66,64,62,60,60,60,60,59,58,56,57,58,60,60,56,56,57,57,56,56,55,55,56,55,53,50,47,47,49,47,45,45,46,44,44,43,40,39,39,42,45,45,42,41,42,39,38,36,36,37,39,39,6.0,6.0,13.0,13.0,13.0,13.0,13.0,13.0,13.0,13.0,13.0,13.0,13.0,13.0,13.0,13.0,13.0,13.0,13.0,13.0,13.0,13.0,13.0,6.0,6.0,6.0,6.0,6.0,6.0,6.0,13.0,13.0,13.0,13.0,13.0,13.0,13.0,13.0,13.0,13.0,13.0,13.0,13.0,13.0,13.0,13.0,13.0,13.0,13.0,13.0,13.0,13.0,13.0,13.0,13.0,13.0,6.0,6.0,13.0,13.0,13.0
CALALANG GENERAL HOSPITAL,0,1,0,14.672606,120.9823266,POINT (120.9823266 14.672606),1,0,0,0,0,0,0,0,0,0,0,0,0,0,0,0,0,0,0,0,0,0,0,0,0,0,0,0,0,0,0,0,0,0,0,0,0,0,0,0,0,0,0,0,0,0,0,0,0,0,0,0,0,0,0,0,0,0,0,0,0,6.0,6.0,6.0,6.0,6.0,6.0,6.0,6.0,13.0,13.0,13.0,13.0,13.0,13.0,13.0,13.0,13.0,13.0,13.0,13.0,13.0,13.0,13.0,13.0,13.0,13.0,13.0,13.0,13.0,13.0,13.0,13.0,13.0,13.0,13.0,13.0,13.0,13.0,13.0,13.0,13.0,13.0,13.0,13.0,13.0,13.0,13.0,13.0,13.0,13.0,13.0,13.0,13.0,13.0,13.0,13.0,13.0,13.0,13.0,13.0,13.0
FATIMA UNIVERSITY MEDICAL CENTER CORPORATION,7,24,12,14.6780548,120.9802868,POINT (120.9802868 14.6780548),43,43,40,38,37,33,27,25,23,19,16,11,8,3,0,0,2,3,2,5,9,10,6,9,10,9,9,11,11,10,3,0,0,0,0,0,0,0,0,0,0,0,0,0,0,0,0,0,0,0,0,0,0,0,0,0,0,0,0,0,0,6.0,6.0,6.0,13.0,13.0,13.0,13.0,13.0,13.0,13.0,13.0,13.0,13.0,13.0,13.0,13.0,13.0,13.0,13.0,13.0,13.0,13.0,13.0,13.0,13.0,13.0,13.0,13.0,13.0,13.0,13.0,13.0,13.0,13.0,13.0,13.0,13.0,13.0,13.0,13.0,13.0,13.0,13.0,13.0,13.0,13.0,13.0,13.0,13.0,13.0,13.0,13.0,13.0,13.0,13.0,13.0,13.0,13.0,13.0,13.0,13.0
NAVOTAS CITY HOSPITAL,0,2,12,14.6602329,120.9460534,POINT (120.9460534 14.6602329),14,12,10,5,3,1,0,0,0,0,0,0,0,0,0,0,0,0,0,0,0,0,0,0,0,0,0,0,0,0,0,0,0,0,0,0,0,0,0,0,0,0,0,0,0,0,0,0,0,0,0,0,0,0,0,0,0,0,0,0,0,6.0,6.0,6.0,6.0,6.0,6.0,6.0,6.0,13.0,13.0,13.0,13.0,13.0,13.0,13.0,13.0,13.0,13.0,13.0,13.0,13.0,13.0,13.0,13.0,13.0,13.0,13.0,13.0,13.0,13.0,13.0,13.0,13.0,13.0,13.0,13.0,13.0,13.0,13.0,13.0,13.0,13.0,13.0,13.0,13.0,13.0,13.0,13.0,13.0,13.0,13.0,13.0,13.0,13.0,13.0,13.0,13.0,13.0,13.0,13.0,13.0
OSPITAL NG MALABON,0,11,20,14.6572718,120.950608,POINT (120.950608 14.6572718),31,30,26,19,15,12,4,0,0,0,0,0,0,0,0,0,0,2,0,0,3,0,0,0,0,0,0,0,0,0,0,0,0,0,0,0,0,0,0,0,0,0,0,0,0,0,0,0,0,0,0,0,0,0,0,0,0,0,0,0,0,6.0,13.0,13.0,13.0,13.0,13.0,13.0,13.0,13.0,13.0,13.0,13.0,13.0,13.0,13.0,13.0,13.0,13.0,13.0,13.0,13.0,13.0,13.0,13.0,13.0,13.0,13.0,13.0,13.0,13.0,13.0,13.0,13.0,13.0,13.0,13.0,13.0,13.0,13.0,13.0,13.0,13.0,13.0,13.0,13.0,13.0,13.0,13.0,13.0,13.0,13.0,13.0,13.0,13.0,13.0,13.0,13.0,13.0,13.0,13.0,13.0
"ALLIED CARE EXPERTS (ACE) MEDICAL CENTER VALENZUELA, INC.",12,6,26,14.715363,120.9576404,POINT (120.9576404 14.715363),44,43,41,38,34,34,34,34,34,32,32,31,29,28,27,28,28,31,33,33,32,28,27,27,23,21,20,20,20,18,17,11,7,4,2,4,4,1,2,0,0,0,0,0,0,4,7,8,4,1,0,0,0,0,0,0,0,0,0,0,0,6.0,6.0,6.0,6.0,6.0,6.0,6.0,6.0,6.0,6.0,6.0,6.0,6.0,6.0,13.0,13.0,13.0,13.0,13.0,13.0,13.0,13.0,13.0,13.0,13.0,13.0,13.0,13.0,13.0,13.0,13.0,13.0,13.0,13.0,13.0,13.0,13.0,13.0,13.0,13.0,13.0,13.0,13.0,13.0,13.0,13.0,13.0,13.0,13.0,13.0,13.0,13.0,13.0,13.0,13.0,13.0,13.0,13.0,13.0,13.0,13.0
VALENZUELA CITICARE MEDICAL CENTER-TIMOG HILAGA PROVIDENCE G,0,14,0,14.6956448,120.9631784,POINT (120.9631784 14.6956448),14,12,12,11,9,8,6,4,2,0,0,0,0,0,0,0,0,0,0,0,2,3,5,4,4,2,0,0,0,0,0,0,0,0,0,0,0,0,0,0,0,0,0,0,0,0,0,0,0,0,0,0,0,0,0,0,0,0,0,0,0,6.0,13.0,13.0,13.0,13.0,13.0,13.0,13.0,13.0,13.0,13.0,13.0,13.0,13.0,13.0,13.0,13.0,13.0,13.0,13.0,13.0,13.0,13.0,13.0,13.0,13.0,13.0,13.0,13.0,13.0,13.0,13.0,13.0,13.0,13.0,13.0,13.0,13.0,13.0,13.0,13.0,13.0,13.0,13.0,13.0,13.0,13.0,13.0,13.0,13.0,13.0,13.0,13.0,13.0,13.0,13.0,13.0,13.0,13.0,13.0,13.0
SAN LORENZO RUIZ WOMEN'S HOSPITAL,2,5,19,14.6941625,120.9563454,POINT (120.9563454 14.6941625),26,26,25,21,20,19,15,13,11,9,8,6,2,0,0,0,1,5,5,6,10,12,11,11,10,12,14,15,13,12,10,1,0,0,0,0,0,0,0,0,0,0,0,0,0,3,0,0,0,0,0,0,0,0,0,0,0,0,0,0,0,6.0,6.0,6.0,6.0,6.0,6.0,6.0,6.0,6.0,6.0,6.0,6.0,6.0,13.0,13.0,13.0,13.0,13.0,13.0,13.0,13.0,13.0,13.0,13.0,13.0,13.0,13.0,13.0,13.0,13.0,13.0,13.0,6.0,6.0,6.0,6.0,13.0,13.0,13.0,13.0,13.0,13.0,13.0,13.0,13.0,13.0,13.0,13.0,13.0,13.0,13.0,13.0,13.0,13.0,13.0,13.0,13.0,13.0,13.0,13.0,13.0
VALENZUELA MEDICAL CENTER,7,2,53,14.6898788,120.978154,POINT (120.978154 14.6898788),62,60,58,57,56,56,53,47,43,41,40,39,37,37,29,28,27,25,20,18,21,26,27,27,28,28,29,28,35,36,34,33,34,31,25,15,11,6,0,0,0,0,0,0,0,0,0,0,0,7,2,1,0,0,0,0,0,0,0,0,0,6.0,6.0,6.0,6.0,13.0,13.0,13.0,13.0,13.0,13.0,13.0,13.0,13.0,13.0,13.0,13.0,13.0,13.0,13.0,13.0,13.0,13.0,13.0,13.0,13.0,13.0,13.0,13.0,13.0,13.0,13.0,13.0,13.0,13.0,13.0,13.0,13.0,13.0,13.0,13.0,13.0,13.0,13.0,13.0,13.0,13.0,13.0,13.0,13.0,13.0,13.0,13.0,13.0,13.0,13.0,13.0,13.0,13.0,13.0,13.0,13.0
MANILA NAVAL HOSPITAL,0,24,0,14.5301095,121.0315087,POINT (121.0315087 14.5301095),24,24,23,23,21,21,21,19,18,17,17,16,15,13,12,12,12,12,13,13,13,15,16,17,15,16,16,18,17,15,15,15,13,13,12,6,4,3,3,0,0,0,0,1,0,0,2,1,2,7,7,5,5,8,6,5,4,3,4,2,0,6.0,6.0,6.0,6.0,6.0,6.0,6.0,6.0,6.0,6.0,6.0,6.0,6.0,6.0,6.0,6.0,6.0,6.0,6.0,6.0,6.0,6.0,6.0,6.0,6.0,6.0,6.0,6.0,6.0,6.0,6.0,6.0,6.0,6.0,6.0,6.0,6.0,6.0,6.0,6.0,6.0,6.0,6.0,6.0,13.0,13.0,13.0,13.0,13.0,13.0,13.0,13.0,13.0,13.0,13.0,13.0,13.0,13.0,13.0,13.0,13.0
MAKATI MEDICAL CENTER,18,111,0,14.5590246,121.0146013,POINT (121.0146013 14.5590246),129,129,129,128,126,125,124,124,121,118,114,114,109,106,106,106,104,103,102,100,98,98,99,102,104,103,107,107,104,101,103,102,103,104,104,103,100,95,88,87,81,76,76,76,71,70,66,62,60,58,61,63,67,66,67,70,65,62,60,55,56,6.0,13.0,13.0,13.0,13.0,13.0,13.0,13.0,13.0,13.0,13.0,13.0,13.0,13.0,13.0,13.0,13.0,13.0,13.0,13.0,13.0,13.0,13.0,13.0,13.0,13.0,13.0,13.0,13.0,13.0,13.0,13.0,13.0,13.0,13.0,13.0,13.0,13.0,13.0,13.0,13.0,13.0,13.0,13.0,13.0,13.0,13.0,13.0,13.0,13.0,13.0,13.0,13.0,13.0,13.0,13.0,13.0,13.0,13.0,13.0,13.0
PASAY CITY GENERAL HOSPITAL,6,18,31,14.5492968,121.0009273,POINT (121.0009273 14.5492968),55,54,50,50,47,47,47,45,43,41,39,37,36,35,30,31,34,31,32,31,28,29,31,31,31,27,26,25,26,23,15,15,13,13,13,10,5,1,0,0,0,0,0,0,8,8,7,3,1,2,4,6,3,1,0,0,0,0,0,0,0,6.0,13.0,13.0,13.0,13.0,13.0,13.0,13.0,13.0,13.0,13.0,13.0,13.0,13.0,13.0,6.0,13.0,13.0,13.0,13.0,13.0,13.0,13.0,13.0,13.0,13.0,13.0,13.0,13.0,13.0,13.0,13.0,13.0,13.0,13.0,13.0,13.0,13.0,13.0,13.0,13.0,13.0,13.0,13.0,13.0,13.0,13.0,13.0,13.0,13.0,13.0,13.0,13.0,13.0,13.0,13.0,13.0,13.0,13.0,13.0,13.0
TAGUIG-PATEROS DISTRICT HOSPITAL,0,50,80,14.5108121,121.0341273,POINT (121.0341273 14.5108121),130,130,129,128,127,124,123,122,121,118,116,114,110,107,106,101,100,96,96,99,99,100,100,102,104,101,100,100,97,101,98,102,102,98,96,91,88,81,78,78,77,73,73,69,69,62,57,56,54,54,54,58,57,53,53,53,49,51,49,53,54,6.0,6.0,6.0,6.0,13.0,13.0,13.0,13.0,13.0,13.0,13.0,13.0,13.0,13.0,13.0,13.0,13.0,13.0,13.0,13.0,13.0,13.0,13.0,13.0,13.0,13.0,13.0,13.0,13.0,13.0,13.0,13.0,13.0,13.0,13.0,13.0,13.0,13.0,13.0,13.0,13.0,13.0,13.0,13.0,13.0,13.0,13.0,13.0,13.0,13.0,13.0,13.0,13.0,13.0,13.0,13.0,13.0,13.0,13.0,13.0,13.0
AIR FORCE GENERAL HOSPITAL,0,10,37,14.516937,121.019969,POINT (121.019969 14.516937),47,44,44,44,43,43,43,42,42,41,39,37,33,31,28,31,30,28,28,24,24,23,21,20,21,22,24,23,26,20,20,18,17,15,11,9,9,9,7,2,0,0,0,5,2,2,3,4,4,4,3,1,0,4,5,5,5,0,0,0,0,6.0,6.0,6.0,6.0,6.0,6.0,6.0,6.0,6.0,6.0,6.0,6.0,6.0,13.0,13.0,13.0,13.0,13.0,13.0,13.0,13.0,13.0,13.0,13.0,13.0,13.0,13.0,6.0,6.0,13.0,13.0,13.0,13.0,13.0,13.0,13.0,13.0,13.0,13.0,13.0,13.0,13.0,13.0,13.0,13.0,13.0,13.0,13.0,13.0,13.0,13.0,13.0,13.0,13.0,13.0,13.0,13.0,13.0,13.0,13.0,13.0
"RECUENCO GENERAL HOSPITAL, INC.",0,6,5,14.5133646,121.059499,POINT (121.059499 14.5133646),11,10,10,9,7,6,5,3,0,0,0,0,0,0,0,0,0,0,0,0,0,1,3,2,0,0,0,0,0,0,0,0,0,0,0,0,0,0,0,0,0,0,0,0,0,0,0,0,0,0,0,0,0,0,0,0,0,0,0,0,0,6.0,13.0,13.0,13.0,13.0,13.0,13.0,13.0,13.0,13.0,13.0,13.0,13.0,13.0,13.0,13.0,13.0,13.0,13.0,13.0,13.0,13.0,13.0,13.0,13.0,13.0,13.0,13.0,13.0,13.0,13.0,13.0,13.0,13.0,13.0,13.0,13.0,13.0,13.0,13.0,13.0,13.0,13.0,13.0,13.0,13.0,13.0,13.0,13.0,13.0,13.0,13.0,13.0,13.0,13.0,13.0,13.0,13.0,13.0,13.0,13.0
ARMY GENERAL HOSPITAL,0,256,0,14.5309752,121.047928,POINT (121.047928 14.5309752),256,254,253,253,253,252,250,249,249,246,244,244,242,239,238,238,239,239,239,239,237,234,233,235,235,231,233,232,231,228,226,224,221,220,218,221,220,217,216,215,208,209,209,211,212,213,214,211,213,209,209,210,208,208,214,213,209,204,203,197,192,6.0,6.0,6.0,6.0,6.0,6.0,6.0,6.0,6.0,6.0,6.0,6.0,6.0,6.0,6.0,6.0,6.0,6.0,6.0,6.0,6.0,6.0,6.0,6.0,6.0,6.0,6.0,6.0,6.0,6.0,6.0,6.0,6.0,6.0,6.0,6.0,6.0,6.0,6.0,6.0,6.0,6.0,6.0,6.0,6.0,6.0,6.0,6.0,6.0,6.0,6.0,6.0,6.0,6.0,6.0,6.0,6.0,6.0,6.0,6.0,6.0
DR. JOSE N. RODRIGUEZ MEMORIAL HOSPITAL,100,400,0,14.7667237,121.0648419,POINT (121.0648419 14.7667237),500,498,497,496,490,482,474,464,456,447,440,435,428,422,410,411,410,410,416,419,418,423,419,418,414,406,406,407,409,399,393,384,374,368,366,355,348,340,336,329,317,304,290,289,288,288,290,287,273,272,269,270,262,256,260,261,260,243,230,224,209,6.0,6.0,6.0,13.0,13.0,13.0,13.0,13.0,13.0,13.0,13.0,13.0,13.0,13.0,13.0,13.0,13.0,13.0,13.0,13.0,13.0,13.0,13.0,13.0,13.0,13.0,13.0,13.0,13.0,13.0,13.0,13.0,13.0,13.0,13.0,13.0,13.0,13.0,13.0,13.0,13.0,13.0,13.0,13.0,13.0,13.0,13.0,13.0,13.0,13.0,13.0,13.0,13.0,13.0,13.0,13.0,13.0,13.0,13.0,13.0,13.0
"BERMUDEZ POLYCLINIC HOSPITAL, INC",0,1,5,14.7700605,121.0782644,POINT (121.0782644 14.7700605),6,5,2,0,0,0,0,0,0,0,0,0,0,0,0,0,2,4,0,0,0,0,0,0,0,0,0,0,0,0,0,0,3,0,0,0,0,0,0,0,0,0,0,0,0,0,0,0,0,0,0,0,0,0,0,0,0,0,0,0,0,6.0,6.0,6.0,6.0,6.0,6.0,6.0,6.0,6.0,6.0,6.0,6.0,6.0,6.0,6.0,13.0,13.0,13.0,13.0,13.0,13.0,13.0,13.0,13.0,13.0,13.0,13.0,13.0,13.0,6.0,6.0,6.0,6.0,6.0,13.0,13.0,13.0,13.0,13.0,13.0,13.0,13.0,13.0,13.0,13.0,13.0,13.0,13.0,13.0,13.0,13.0,13.0,13.0,13.0,13.0,13.0,13.0,13.0,13.0,13.0,13.0
NORTH CALOOCAN DOCTORS HOSPITAL,0,0,9,14.766024,121.0847039,POINT (121.0847039 14.766024),9,6,3,0,0,0,0,0,0,0,0,0,0,0,0,1,4,5,1,0,0,0,0,0,0,0,0,0,0,0,0,0,0,0,0,0,0,0,0,0,0,0,0,0,0,0,0,0,0,0,0,0,0,0,0,0,0,0,0,0,0,6.0,6.0,6.0,13.0,13.0,13.0,13.0,13.0,13.0,13.0,13.0,13.0,13.0,13.0,13.0,13.0,13.0,13.0,13.0,13.0,13.0,13.0,13.0,13.0,13.0,13.0,13.0,13.0,13.0,13.0,13.0,13.0,13.0,13.0,13.0,13.0,13.0,13.0,13.0,13.0,13.0,13.0,13.0,13.0,13.0,13.0,13.0,13.0,13.0,13.0,13.0,13.0,13.0,13.0,13.0,13.0,13.0,13.0,13.0,13.0,13.0
MARIKINA VALLEY MEDICAL CENTER,0,34,0,14.6347295,121.1039907,POINT (121.1039907 14.6347295),34,34,32,30,30,29,29,28,26,25,22,22,21,19,16,16,18,17,16,15,12,13,15,16,18,17,17,17,20,20,17,18,18,19,22,20,15,12,9,9,7,6,0,0,0,0,0,0,0,1,1,3,6,6,4,4,9,6,6,4,2,6.0,13.0,13.0,13.0,13.0,13.0,13.0,13.0,13.0,13.0,13.0,13.0,13.0,13.0,13.0,13.0,13.0,13.0,13.0,13.0,13.0,13.0,13.0,13.0,13.0,13.0,13.0,13.0,13.0,13.0,13.0,13.0,13.0,13.0,13.0,13.0,13.0,13.0,13.0,13.0,13.0,13.0,13.0,13.0,13.0,13.0,13.0,13.0,13.0,13.0,13.0,13.0,13.0,13.0,13.0,13.0,13.0,13.0,13.0,13.0,13.0
ST. VICTORIA HOSPITAL,0,2,5,14.642167,121.094607,POINT (121.094607 14.642167),7,7,6,6,6,6,6,6,5,3,3,2,0,0,0,0,0,0,0,0,0,0,1,3,1,0,0,0,0,0,0,0,0,0,0,0,0,0,1,0,0,0,0,0,0,0,0,0,0,0,0,0,0,0,0,0,0,0,0,0,0,6.0,6.0,6.0,6.0,6.0,6.0,6.0,6.0,6.0,6.0,6.0,6.0,6.0,6.0,6.0,6.0,6.0,6.0,6.0,6.0,6.0,6.0,6.0,6.0,6.0,6.0,6.0,6.0,6.0,6.0,6.0,6.0,6.0,6.0,6.0,6.0,6.0,6.0,6.0,6.0,6.0,6.0,6.0,6.0,6.0,6.0,6.0,6.0,6.0,6.0,6.0,6.0,6.0,6.0,6.0,6.0,6.0,6.0,6.0,6.0,6.0
"UNIVERSITY OF PERPETUAL HELP DALTA MEDICAL CENTER, INC.",14,36,0,14.4480913,120.9858845,POINT (120.9858845 14.4480913),50,49,48,48,48,47,44,43,38,38,38,38,37,33,31,32,30,29,26,23,23,23,27,25,24,20,19,22,22,20,21,19,19,20,17,16,11,11,10,11,10,2,0,0,0,2,1,0,3,2,1,0,0,0,0,3,0,0,0,0,0,6.0,6.0,6.0,6.0,6.0,6.0,6.0,6.0,6.0,6.0,13.0,13.0,13.0,13.0,13.0,13.0,13.0,13.0,13.0,13.0,13.0,13.0,13.0,13.0,13.0,13.0,13.0,13.0,13.0,13.0,13.0,13.0,13.0,13.0,13.0,13.0,13.0,13.0,13.0,13.0,13.0,13.0,13.0,13.0,13.0,13.0,13.0,13.0,13.0,13.0,13.0,13.0,13.0,13.0,13.0,13.0,13.0,13.0,13.0,13.0,13.0
A. ZARATE GENERAL HOSPITAL,0,6,0,14.4685359,120.980585,POINT (120.980585 14.4685359),6,6,6,4,2,0,0,0,0,0,0,0,0,0,0,0,0,1,2,2,0,0,0,0,0,0,0,0,0,0,0,0,0,0,1,0,0,0,0,0,0,0,0,0,0,0,0,0,0,0,0,0,0,0,0,0,0,0,0,0,0,6.0,6.0,6.0,6.0,6.0,6.0,6.0,6.0,6.0,6.0,6.0,6.0,6.0,6.0,6.0,6.0,6.0,6.0,6.0,6.0,6.0,6.0,6.0,6.0,6.0,6.0,6.0,6.0,6.0,13.0,13.0,13.0,13.0,13.0,13.0,13.0,13.0,13.0,13.0,13.0,13.0,13.0,13.0,13.0,13.0,13.0,13.0,13.0,13.0,13.0,13.0,13.0,13.0,13.0,13.0,13.0,13.0,13.0,13.0,13.0,13.0
LAS PI?AS GENERAL HOSPITAL & SATELLITE TRAUMA CENTER,3,8,57,14.4716706,120.973806,POINT (120.973806 14.4716706),68,68,68,66,65,64,63,61,59,59,59,59,57,57,55,55,53,55,54,55,52,53,55,51,51,50,49,49,49,47,45,39,39,35,36,34,29,29,25,23,23,19,11,9,6,12,7,6,4,2,5,0,0,0,0,2,4,0,0,0,0,6.0,6.0,6.0,6.0,6.0,6.0,6.0,6.0,6.0,6.0,6.0,6.0,6.0,6.0,6.0,6.0,6.0,6.0,6.0,6.0,6.0,6.0,6.0,6.0,6.0,6.0,6.0,6.0,6.0,6.0,6.0,6.0,6.0,6.0,13.0,13.0,13.0,13.0,13.0,13.0,13.0,13.0,13.0,13.0,13.0,13.0,13.0,13.0,13.0,13.0,13.0,13.0,13.0,13.0,13.0,13.0,13.0,13.0,13.0,13.0,13.0
"CHRIST THE KING MEDICAL CENTER UNIHEALTH LAS PIÃ‘AS, INC.",0,6,0,14.4589503,120.969959,POINT (120.969959 14.4589503),6,5,5,1,0,0,0,0,0,0,0,0,0,0,0,1,1,4,5,4,3,3,3,1,1,1,0,0,0,0,0,0,0,0,0,0,0,0,0,0,1,0,0,0,0,0,0,0,0,0,0,0,0,0,0,0,0,0,0,0,0,6.0,6.0,6.0,6.0,6.0,6.0,6.0,6.0,6.0,6.0,6.0,6.0,6.0,6.0,6.0,6.0,6.0,6.0,6.0,6.0,6.0,6.0,6.0,6.0,6.0,6.0,6.0,6.0,6.0,6.0,6.0,6.0,13.0,13.0,13.0,13.0,13.0,13.0,13.0,13.0,13.0,13.0,13.0,13.0,13.0,13.0,13.0,13.0,13.0,13.0,13.0,13.0,13.0,13.0,13.0,13.0,13.0,13.0,13.0,13.0,13.0
GARCIA GENERAL HOSPITAL,0,0,0,14.6512194,121.1110774,POINT (121.1110774 14.6512194),0,0,0,0,0,0,0,0,0,0,0,0,0,0,0,0,0,0,0,0,0,0,0,0,0,0,0,0,0,0,0,0,0,0,0,0,0,0,0,0,0,0,0,0,0,0,0,0,0,0,0,0,0,0,0,0,0,0,0,0,0,13.0,13.0,13.0,13.0,13.0,13.0,13.0,13.0,13.0,13.0,13.0,13.0,13.0,13.0,13.0,13.0,13.0,13.0,13.0,13.0,13.0,13.0,13.0,13.0,13.0,13.0,13.0,13.0,13.0,13.0,13.0,13.0,13.0,13.0,13.0,13.0,13.0,13.0,13.0,13.0,13.0,13.0,13.0,13.0,13.0,13.0,13.0,13.0,13.0,13.0,13.0,13.0,13.0,13.0,13.0,13.0,13.0,13.0,13.0,13.0,13.0
"MARIKINA ST. VINCENT GENERAL HOSPITAL, INC.",2,10,0,14.6511832,121.1073128,POINT (121.1073128 14.6511832),12,12,12,12,12,10,9,8,6,6,6,5,3,2,0,0,0,0,0,0,1,2,3,2,2,3,4,5,4,2,2,1,1,1,0,0,0,1,1,0,0,0,0,1,0,0,0,0,0,0,0,0,0,1,0,0,0,0,0,0,0,6.0,6.0,6.0,6.0,6.0,6.0,6.0,6.0,6.0,6.0,6.0,6.0,6.0,6.0,6.0,6.0,6.0,6.0,6.0,6.0,6.0,6.0,6.0,6.0,6.0,6.0,6.0,6.0,6.0,6.0,6.0,6.0,6.0,6.0,6.0,6.0,6.0,6.0,6.0,6.0,6.0,6.0,6.0,6.0,6.0,6.0,6.0,6.0,6.0,6.0,6.0,6.0,6.0,6.0,6.0,6.0,6.0,6.0,6.0,6.0,6.0
SDS MEDICAL CENTER,0,10,0,14.6394204,121.1099639,POINT (121.1099639 14.6394204),10,10,8,7,7,6,6,4,4,3,2,2,1,0,0,0,0,0,0,1,1,3,3,3,4,2,3,4,4,4,4,2,1,0,0,0,0,0,0,0,0,0,0,0,0,0,1,0,0,0,0,0,0,0,0,0,0,0,0,0,0,6.0,6.0,6.0,6.0,6.0,6.0,6.0,6.0,6.0,6.0,6.0,6.0,6.0,6.0,6.0,6.0,6.0,6.0,6.0,6.0,6.0,6.0,6.0,6.0,6.0,6.0,6.0,6.0,6.0,6.0,6.0,6.0,6.0,6.0,6.0,6.0,6.0,6.0,6.0,6.0,6.0,6.0,6.0,6.0,6.0,6.0,6.0,6.0,6.0,6.0,6.0,6.0,6.0,6.0,6.0,6.0,6.0,6.0,6.0,6.0,6.0
ROSARIO MACLANG BAUTISTA GENERAL HOSPITAL,13,13,23,14.6860196,121.0893914,POINT (121.0893914 14.6860196),49,46,43,40,39,37,29,23,16,10,2,0,0,0,0,1,0,0,0,1,2,3,5,6,9,7,0,0,0,0,0,0,0,0,0,0,0,0,0,0,1,0,0,0,0,0,0,0,0,0,0,0,0,0,0,0,0,0,0,0,0,6.0,6.0,6.0,6.0,6.0,6.0,13.0,13.0,13.0,13.0,13.0,13.0,13.0,13.0,13.0,13.0,13.0,13.0,13.0,13.0,13.0,13.0,13.0,13.0,13.0,13.0,13.0,13.0,13.0,13.0,13.0,13.0,13.0,13.0,13.0,13.0,13.0,13.0,13.0,13.0,13.0,13.0,13.0,13.0,13.0,13.0,13.0,13.0,13.0,13.0,13.0,13.0,13.0,13.0,13.0,13.0,13.0,13.0,13.0,13.0,13.0
DR. SABILI HEALTH SERVICES CORPORATION,0,4,8,14.4889228,121.0578114,POINT (121.0578114 14.4889228),12,12,11,11,11,7,5,4,3,0,0,0,0,0,0,0,0,0,0,2,4,4,1,1,0,0,0,0,0,0,0,0,0,0,0,0,2,0,0,0,0,0,0,0,0,0,0,0,0,0,0,0,0,0,0,0,0,0,0,0,0,6.0,13.0,13.0,13.0,13.0,13.0,13.0,13.0,13.0,13.0,13.0,13.0,13.0,13.0,13.0,13.0,13.0,13.0,13.0,13.0,13.0,13.0,13.0,13.0,13.0,13.0,13.0,13.0,13.0,13.0,13.0,13.0,13.0,13.0,13.0,13.0,13.0,13.0,13.0,13.0,13.0,13.0,13.0,13.0,13.0,13.0,13.0,13.0,13.0,13.0,13.0,13.0,13.0,13.0,13.0,13.0,13.0,13.0,13.0,13.0,13.0
ALABANG MEDICAL CLINIC - MUNTINLUPA BRANCH,0,1,7,14.3910771,121.0443311,POINT (121.0443311 14.3910771),8,8,8,7,5,2,1,0,0,0,0,0,0,0,0,0,0,0,2,5,4,3,1,1,1,1,0,0,0,0,0,0,0,0,0,0,2,1,1,0,1,0,0,0,0,0,0,0,0,0,0,0,0,0,0,0,0,0,0,0,0,6.0,6.0,6.0,6.0,6.0,6.0,6.0,6.0,6.0,6.0,6.0,6.0,6.0,6.0,6.0,6.0,6.0,6.0,6.0,6.0,6.0,6.0,6.0,6.0,6.0,6.0,6.0,6.0,6.0,6.0,6.0,6.0,6.0,6.0,6.0,6.0,6.0,6.0,6.0,6.0,13.0,13.0,13.0,13.0,13.0,13.0,13.0,13.0,13.0,13.0,13.0,13.0,13.0,13.0,13.0,13.0,13.0,13.0,13.0,13.0,13.0
"MEDICAL CENTER MUNTINLUPA, INC.",2,8,23,14.4033997,121.04735329999998,POINT (121.0473533 14.4033997),33,33,33,32,32,30,28,26,24,19,18,18,16,16,15,15,15,15,15,17,18,19,19,23,23,21,22,22,21,19,17,15,14,12,11,10,9,4,4,1,0,0,0,0,1,0,1,3,2,3,2,7,5,7,6,4,4,2,1,0,0,6.0,6.0,6.0,6.0,6.0,6.0,6.0,6.0,6.0,6.0,6.0,6.0,6.0,6.0,6.0,6.0,6.0,6.0,6.0,6.0,6.0,6.0,6.0,6.0,6.0,6.0,6.0,6.0,6.0,6.0,6.0,6.0,6.0,6.0,6.0,6.0,6.0,6.0,6.0,6.0,6.0,6.0,13.0,13.0,13.0,13.0,13.0,13.0,13.0,13.0,13.0,13.0,13.0,13.0,13.0,13.0,13.0,13.0,13.0,13.0,13.0
